word_len,character_len,stopword_count,verb_count,adj_count,propn_count,uinque_words,dialog_sentiment,topic,trust,fear,anger,positive,negative,disgust,surprise,joy,anticipation,sadness,avg_tf-idf
1,10,0,0,0,0,1,0.0,2,0,0,0,0,0,0,0,0,0,0,0.0
8,49,2,1,0,0,8,0.125,4,0,0,0,0,0,0,0,0,0,0,1.2867461425742377
4,24,0,0,1,0,4,0.5,2,0,0,0,0,0,0,0,0,1,0,1.2310936948595999
1,11,0,0,0,1,1,0.0,8,0,0,0,0,0,0,0,0,0,0,0.0
13,72,4,1,0,4,13,-0.375,0,0,0,0,0,0,0,0,0,0,0,1.236962632274108
4,19,2,0,0,1,4,-0.25,2,0,0,0,0,0,0,0,0,0,0,0.938336054069432
8,48,2,0,2,1,7,0.875,5,0,0,0,0,0,0,0,0,2,0,1.741517072102809
2,15,0,0,1,1,2,-0.25,4,0,0,0,0,0,0,0,0,0,0,0.0
15,73,7,3,2,2,14,1.25,8,0,1,0,0,0,0,0,0,0,0,0.46617298386081213
12,77,5,1,1,1,11,0.625,6,0,0,1,0,1,0,1,0,1,0,0.6486228366637933
7,31,3,2,0,0,6,1.125,3,0,0,0,0,0,0,0,0,0,0,1.418082889298539
5,23,4,0,0,0,5,-0.5,5,0,0,0,0,0,0,0,0,0,0,3.7108878968223236
4,22,1,1,0,2,4,1.25,4,0,0,0,0,0,0,0,0,0,0,0.5269302920813781
80,417,38,9,2,7,58,-1.875,3,1,1,4,4,1,0,0,0,0,1,0.2211879946293596
14,69,9,2,0,3,13,0.125,0,0,0,0,0,0,0,0,0,0,0,0.9813135025659342
22,101,14,4,0,1,20,-0.875,0,0,0,0,1,0,0,0,0,0,0,0.6250321115639136
11,54,5,2,0,0,11,0.75,7,0,0,0,0,0,0,0,0,0,0,1.1645086759681222
1,7,0,0,1,0,1,0.125,5,0,0,0,0,0,0,0,0,0,0,2.6122756081542136
5,27,2,1,0,2,5,0.0,0,0,0,0,0,0,0,0,0,0,0,1.529520816529477
3,22,1,0,1,0,3,0.0,4,0,0,0,0,0,0,0,0,0,0,0.9687229802017577
9,39,4,2,1,0,9,0.0,4,0,0,0,0,0,0,0,0,0,0,1.8187930798631928
8,56,3,0,2,1,7,2.75,7,0,0,0,2,0,0,0,0,0,0,1.8943432514360103
25,125,16,4,1,1,22,0.125,3,1,0,0,0,0,0,0,0,0,0,0.5192626728827664
21,132,7,6,0,0,17,-0.625,8,0,3,0,1,1,0,0,0,0,0,0.7599833975191729
5,22,3,1,0,0,5,0.0,0,0,0,0,0,0,0,0,0,0,0,0.0
1,8,0,0,0,1,1,0.625,4,0,0,0,0,0,0,0,0,0,0,0.0
6,35,2,2,0,1,6,0.375,2,0,0,0,0,0,0,0,0,0,0,0.5752473133487542
1,8,0,0,0,1,1,0.625,1,0,0,0,0,0,0,0,0,0,0,2.0818396278115823
4,20,2,1,0,0,4,-0.625,4,0,0,0,0,0,0,0,0,0,0,1.617958858373172
11,63,4,1,0,0,11,0.125,8,0,0,0,0,0,0,0,0,0,0,0.9580606423004137
10,43,6,1,0,0,9,0.125,3,0,0,0,0,0,0,0,0,1,0,1.9185578461856816
1,9,0,0,0,1,1,-0.125,2,0,0,0,0,0,0,0,0,0,0,0.0
2,11,1,0,0,0,2,0.0,0,0,0,0,0,0,0,0,0,0,0,0.0
3,15,2,0,1,0,3,0.5,4,0,0,0,0,0,0,0,0,1,0,2.1431407888577487
8,47,4,1,0,1,8,0.0,8,0,0,0,0,0,0,0,0,0,0,0.7866776149222093
44,233,24,7,1,2,39,-0.625,6,0,1,2,0,0,0,0,0,0,0,0.2803962941356522
16,83,11,1,1,0,15,-0.75,0,0,0,0,0,0,0,0,0,0,0,1.3858781481470575
24,128,12,3,1,4,21,-0.875,7,0,0,0,0,0,1,0,0,0,0,0.46943782236091436
4,15,3,1,0,0,4,0.0,3,0,0,0,0,0,0,0,0,0,0,1.9626341160890832
9,58,3,2,0,4,9,-0.125,3,0,0,0,0,0,0,0,0,1,0,0.7806002296957443
10,60,3,0,0,6,9,0.0,0,0,0,0,0,0,0,0,0,0,0,0.2526058353021913
6,33,3,1,0,0,6,0.0,9,0,0,0,0,0,0,0,0,0,0,1.6421865000850928
2,12,0,0,0,2,2,-0.25,0,0,0,0,0,0,0,0,0,0,0,0.0
18,113,9,2,1,1,17,-0.25,1,0,0,0,0,0,0,0,0,1,0,0.5631637992977832
3,19,1,0,0,0,3,0.0,8,0,0,0,0,0,0,0,0,0,0,2.290823216436864
7,46,4,2,1,0,7,0.75,9,0,0,0,0,0,0,0,0,1,0,0.714380262952583
3,17,2,0,0,0,3,0.0,0,0,0,0,0,0,0,0,0,0,0,0.0
10,75,5,1,0,3,10,-0.125,1,0,0,0,0,0,0,0,0,1,0,0.46043809920600226
10,54,3,2,1,1,10,0.375,4,0,0,0,1,0,0,0,0,0,0,0.7810768823893135
17,83,11,2,0,1,17,-0.625,8,0,0,0,1,0,0,0,0,0,0,1.1250858079499086
60,326,35,6,1,5,50,-1.125,0,0,1,2,2,0,1,0,0,2,0,0.17484599041228266
4,23,1,1,0,1,4,0.125,1,0,0,0,0,0,0,0,0,0,0,3.364314306542351
6,34,3,1,1,1,6,0.75,2,0,0,0,0,0,0,0,1,0,0,1.1214381021807835
5,23,2,1,1,0,5,0.125,6,0,0,0,0,0,0,0,0,0,0,1.714945782614792
13,90,5,3,0,3,13,0.125,7,0,0,0,0,0,0,0,0,0,0,0.5663494726200731
1,6,0,0,0,0,1,0.0,0,0,0,0,0,0,0,0,0,0,0,0.0
31,218,11,7,0,1,29,-0.125,1,0,1,1,1,0,0,1,0,0,0,0.3021151283539991
5,36,2,1,2,1,5,0.375,1,0,0,0,0,0,0,0,0,1,0,1.5480373272350003
7,32,5,0,0,1,7,-0.125,7,0,0,0,0,0,0,0,0,0,0,1.713200565970243
11,58,3,3,0,0,11,0.0,8,0,0,0,0,0,1,0,0,0,0,1.0407591645591028
24,134,12,5,2,2,21,1.25,9,0,0,0,0,0,0,0,0,1,0,0.40665834155810665
12,71,6,3,0,2,12,0.25,6,0,0,0,1,0,0,0,0,1,0,1.0451164291208788
21,110,12,1,3,0,20,0.5,5,0,0,0,0,0,0,0,1,0,0,0.6644461664337689
82,395,40,14,9,6,64,3.0,3,0,0,0,2,1,0,0,2,0,0,0.15081715176219843
3,21,0,1,1,0,3,1.0,3,0,0,0,0,0,0,0,0,0,0,1.6456230479522154
22,125,9,7,0,3,21,0.0,5,0,0,1,0,0,0,0,1,0,0,0.4220528163710652
10,54,3,2,0,2,10,0.0,5,0,0,0,0,0,0,0,0,1,0,0.3602674680890732
1,8,0,0,0,0,1,0.0,9,0,0,0,0,0,0,0,0,0,0,2.101449984388223
8,40,1,4,0,2,8,0.125,2,0,0,0,0,0,0,0,0,0,0,1.3811288718552086
6,27,4,1,0,0,6,-0.875,9,0,0,1,0,0,0,0,0,0,0,0.797119744004898
1,9,0,0,0,0,1,0.0,0,0,0,0,0,0,0,0,0,0,0,0.0
18,91,10,3,0,0,18,0.375,4,0,0,1,1,0,0,0,0,0,0,0.7987839357542071
5,27,3,0,0,1,5,0.125,4,0,0,0,1,0,0,0,0,0,0,0.5721319578467288
3,22,1,1,0,1,3,0.625,0,0,0,0,0,0,1,0,0,0,0,0.9687229802017577
3,18,1,0,0,0,3,-0.25,4,0,0,0,1,0,0,0,0,0,0,1.4467061305424422
2,17,0,1,0,0,2,0.0,7,0,0,0,0,0,0,0,0,0,0,2.737932822294667
1,8,0,0,0,0,1,0.0,9,0,0,0,0,0,0,0,0,0,0,3.1615817524882686
15,85,5,3,0,1,15,0.5,3,0,0,0,0,2,0,0,0,1,0,0.4136861478784268
13,58,3,4,0,1,13,0.875,0,0,0,0,0,0,0,0,0,1,0,0.6850679386116211
12,51,6,4,0,0,9,0.625,6,0,0,0,0,0,0,0,0,0,0,1.3386174769904353
4,29,2,1,0,0,4,0.125,6,0,0,0,0,0,0,0,0,2,0,3.364314306542351
8,47,3,1,1,3,8,0.125,0,0,0,0,0,0,0,0,0,0,0,0.5304232661538125
4,26,1,0,0,0,4,0.0,1,0,0,1,0,0,0,0,0,0,0,0.9687229802017577
3,19,1,1,0,0,3,0.5,6,0,0,0,0,0,0,0,0,0,0,1.382794362754795
2,15,0,0,0,1,2,-0.25,7,0,0,0,0,0,0,0,0,0,0,0.0
12,60,6,1,0,2,8,1.0,4,0,0,0,1,0,0,0,0,0,0,1.8133358272367248
5,29,3,1,0,0,5,0.375,7,0,0,0,0,0,0,0,0,0,0,1.3047895393356248
40,211,19,5,1,2,35,0.0,9,0,0,0,0,0,0,0,0,0,0,0.39165874924289656
4,30,1,0,2,0,4,-0.75,2,0,0,1,0,0,1,0,0,0,0,1.4923848795203623
47,288,18,6,2,7,42,1.5,3,0,0,0,1,1,0,0,2,2,0,0.17859093368420692
31,165,18,3,0,1,26,0.5,8,0,1,1,2,0,0,0,1,0,0,0.3727382094971095
1,9,0,0,0,1,1,-0.125,2,0,0,0,0,0,0,0,0,0,0,0.0
10,46,3,3,0,0,10,0.0,2,0,0,0,0,0,0,0,0,0,0,1.5142301284825417
2,8,0,0,0,1,2,0.0,8,0,0,0,0,0,0,0,0,0,0,0.0
4,12,2,0,0,0,3,-0.75,0,0,0,0,0,0,0,0,0,0,0,0.0
10,58,5,3,0,0,10,-0.625,3,0,0,0,0,0,0,0,1,0,0,1.2684807530521138
2,13,0,0,1,0,2,0.125,5,0,0,0,0,0,0,0,0,1,0,2.6122756081542136
2,12,0,0,0,0,2,0.0,3,0,0,0,0,0,0,0,0,0,0,2.815008162208296
5,25,2,1,0,0,5,0.0,4,1,0,0,0,0,0,0,0,0,0,0.7297314050314155
2,21,0,0,0,2,2,0.0,8,0,0,0,0,0,0,0,0,0,0,0.0
1,12,0,0,0,1,1,0.0,7,0,0,0,0,0,0,0,0,0,0,3.7108878968223236
5,29,3,0,1,0,5,0.125,0,0,0,0,1,0,0,0,0,0,0,3.7108878968223236
22,116,10,3,1,1,21,-0.25,3,0,0,0,1,0,0,0,0,0,0,0.45755919067081624
5,19,3,1,0,0,5,-0.25,6,0,0,0,0,0,0,0,0,0,0,2.101449984388223
8,46,3,1,0,1,8,0.625,2,0,0,0,0,0,0,0,0,1,0,0.5438154517141626
11,55,5,2,1,1,11,-0.5,1,0,0,1,1,0,0,0,0,0,0,0.6359348640494652
15,86,5,4,2,1,15,0.5,1,0,0,0,0,0,0,0,0,1,0,0.7721247985709117
15,82,7,3,0,0,13,0.125,4,0,0,0,0,0,0,0,0,2,0,0.7187359886446278
5,30,1,2,0,1,5,0.625,4,0,0,0,0,0,0,0,0,0,0,0.9687229802017577
1,20,0,0,0,1,1,0.0,3,0,0,0,0,0,0,0,0,0,0,0.0
23,137,10,3,0,3,20,0.0,8,2,0,0,0,0,0,0,0,0,0,0.42116943140948804
7,49,3,1,0,2,7,-0.25,7,0,0,0,0,0,0,0,0,0,0,2.9582867546490945
16,103,4,3,0,4,16,0.0,3,0,0,0,0,0,0,0,0,0,0,0.4728655258942494
1,9,0,0,0,0,1,0.0,3,0,0,0,0,0,0,0,0,0,0,0.0
6,37,2,1,0,2,6,0.0,6,0,0,0,0,0,0,0,0,0,0,0.4047355363485925
2,8,1,0,0,0,2,0.0,0,0,0,0,0,0,0,0,0,0,0,0.0
1,8,0,0,0,1,1,-0.125,2,0,0,0,0,0,0,0,0,0,0,0.0
1,7,0,0,0,1,1,0.0,3,0,0,0,0,0,0,0,0,0,0,0.0
1,6,0,0,0,0,1,0.0,0,0,0,0,0,0,0,0,0,0,0,0.0
1,5,0,0,0,0,1,-0.25,0,0,0,0,0,0,0,0,0,0,0,0.0
5,28,2,0,1,0,5,0.25,7,0,0,0,1,0,0,0,0,0,0,1.7807780839882703
9,51,1,2,0,2,9,0.0,8,0,0,0,0,0,0,0,0,0,0,0.8060889660209284
17,89,9,3,1,0,17,-0.625,5,0,0,1,0,0,0,0,0,0,0,0.71178126066674
4,18,3,1,0,0,4,0.125,0,0,0,0,0,0,0,0,0,0,0,0.0
5,25,2,0,0,2,5,0.125,8,0,0,0,0,0,0,0,0,0,0,1.2369626322741079
6,39,2,0,1,1,6,0.375,7,0,0,0,0,0,0,0,0,1,0,1.7976816833644995
9,55,5,1,0,2,9,-0.25,5,0,1,0,0,0,0,0,0,0,0,0.5832748878470675
6,26,2,0,0,2,6,0.0,5,0,0,0,0,0,0,0,0,0,0,0.8531984501084335
20,120,11,1,2,0,18,-0.125,0,0,0,0,0,0,0,0,0,0,0,0.9245168367187855
13,74,7,2,0,0,13,0.0,2,0,0,1,0,0,0,0,0,0,0,0.82262395638561
2,11,1,0,0,0,2,0.0,0,0,0,0,0,0,0,0,0,0,0,0.0
2,19,1,0,1,0,2,0.0,3,0,0,0,0,1,0,0,0,0,0,2.5595953503253006
18,82,10,4,0,2,16,0.0,3,0,1,0,0,0,0,0,0,1,0,0.6646055460630352
8,53,2,3,0,0,8,0.0,8,1,0,0,0,0,0,0,0,0,0,0.8393433489585784
11,80,1,0,1,4,11,-0.25,7,0,0,0,1,0,0,0,0,0,0,0.9818670244062182
1,9,0,0,0,1,1,0.0,9,0,0,0,0,0,0,0,0,0,0,3.7108878968223236
26,155,12,5,2,2,25,-0.375,1,1,0,0,0,1,0,0,0,1,0,0.3761020334908348
26,141,10,6,2,1,24,-0.625,2,0,0,0,1,0,1,0,0,2,0,0.4186917463545741
5,23,2,0,0,2,5,0.125,8,0,0,0,0,0,0,0,0,0,0,0.0
18,101,7,1,1,0,18,-0.75,7,0,0,0,1,0,0,0,1,0,0,0.47358596430021466
13,83,5,2,1,1,13,0.625,4,0,1,0,0,0,0,0,0,0,0,0.5832462312917098
7,40,5,1,0,0,7,0.125,5,0,0,0,1,0,0,0,0,0,0,1.7080719561924507
2,17,1,0,1,0,2,-0.75,5,0,1,0,0,0,0,0,0,0,0,3.364314306542351
2,7,1,1,0,0,2,0.0,0,0,0,0,0,0,0,0,0,0,0,0.0
12,81,5,2,1,1,12,0.0,5,0,0,1,0,0,0,0,0,0,0,0.7370099682829714
3,16,0,0,0,1,3,0.125,1,0,0,0,0,0,0,0,0,0,0,2.0818396278115823
18,99,6,4,2,0,14,0.0,6,0,2,0,0,0,0,0,0,2,0,1.029748856599375
15,81,7,4,1,1,14,0.0,5,0,0,0,0,0,0,0,0,0,0,0.44167979351001224
7,35,4,0,0,1,7,0.625,4,0,0,0,0,0,0,0,0,0,0,1.495653272283136
33,168,16,4,0,2,29,-0.375,6,0,1,2,1,0,1,0,0,1,0,0.3163752528812359
7,40,4,1,0,0,6,0.25,1,0,1,0,0,0,0,0,0,0,0,1.876672108138864
2,17,0,0,0,1,2,0.0,1,0,0,0,0,0,0,0,0,0,0,0.0
4,25,2,1,0,0,4,0.0,1,0,0,0,0,0,0,0,0,0,0,1.6563794681418107
2,16,0,0,0,0,2,0.0,1,0,1,0,0,0,0,0,0,0,0,1.1214381021807835
5,28,2,2,0,0,4,0.0,9,0,0,0,0,0,0,0,0,0,0,1.6322825966732928
7,44,1,4,0,1,6,0.0,0,0,0,1,0,0,0,0,0,0,0,2.0017230405388466
2,23,0,0,0,2,2,0.0,8,0,0,0,0,0,0,0,0,0,0,0.0
23,132,10,4,1,1,23,0.75,1,1,2,1,0,0,0,0,0,1,0,0.38675412593593567
20,113,6,4,1,0,19,-1.0,2,0,0,0,0,0,0,0,0,0,0,0.713033001417171
2,10,1,0,0,0,2,0.0,6,0,0,1,0,0,0,0,0,0,0,2.6711671259824055
12,64,5,0,1,0,10,0.25,6,0,0,0,0,0,0,0,0,0,0,0.6211184880886386
57,304,28,6,2,1,33,-0.625,7,0,0,0,0,1,0,0,0,2,0,0.45699181344733014
19,94,11,1,0,2,18,0.125,8,0,0,1,0,0,0,0,0,0,0,0.6043650079366215
6,33,2,2,0,1,6,0.5,1,0,0,0,0,1,0,0,0,0,0,1.9630764480173508
2,17,0,2,0,1,2,-0.125,2,0,0,0,0,0,0,0,0,0,0,0.0
15,82,7,3,1,1,15,-0.5,5,0,0,0,0,1,0,0,0,0,0,0.792998310231395
4,26,1,2,0,1,4,0.0,4,0,0,0,0,0,0,0,0,0,0,1.0538605841627562
1,8,0,0,0,1,1,0.0,1,0,0,0,0,0,0,0,0,0,0,0.0
2,22,0,0,0,2,2,0.0,8,0,0,0,0,0,0,0,0,0,0,1.0538605841627562
35,213,10,6,6,4,32,4.125,5,1,0,0,1,0,0,0,1,1,0,0.4914189290678539
5,21,3,1,1,0,5,0.0,0,0,0,0,0,0,0,0,0,0,0,0.0
48,285,16,11,3,1,42,2.625,2,0,0,0,1,0,1,0,2,0,0,0.3259427325339154
18,111,1,6,0,4,15,1.0,2,1,0,0,1,0,0,0,0,0,0,0.4828538532846486
10,58,4,2,0,0,10,0.0,3,0,0,0,0,0,0,0,0,0,0,0.8006456944542533
7,37,2,0,2,1,5,-1.25,2,0,0,0,0,0,0,0,0,0,0,0.0
1,7,0,0,0,1,1,0.0,0,0,0,0,0,0,0,0,0,0,0,0.0
2,14,0,0,0,2,2,-0.375,3,0,0,0,0,0,0,0,0,0,0,1.9746365522892173
4,18,2,0,1,0,4,0.375,6,0,0,0,0,0,0,0,0,0,0,1.4878915874469765
6,39,4,0,0,1,6,0.0,3,0,0,0,0,0,0,0,0,0,0,0.8531984501084335
1,5,0,0,0,1,1,0.0,0,0,0,0,0,0,0,0,0,0,0,0.0
10,65,5,1,1,3,10,-0.625,8,0,0,0,0,0,0,0,0,0,0,0.2829226804861675
10,68,1,3,0,3,9,0.0,8,1,0,0,0,0,0,0,0,0,0,0.5528104232188813
3,21,0,1,1,0,3,0.25,8,0,0,0,1,0,0,0,0,0,0,1.1214381021807835
23,117,13,2,1,0,17,0.375,9,0,0,0,0,0,0,0,0,0,0,0.6401344369915996
3,16,0,1,0,0,3,0.0,2,0,0,0,0,0,0,0,0,0,0,0.5438154517141626
1,16,0,0,0,1,1,0.0,8,0,0,0,0,0,0,0,0,0,0,3.7108878968223236
4,22,0,1,0,0,4,-0.125,9,0,0,0,0,0,0,0,0,0,0,1.6760099740845413
11,56,6,2,0,0,9,-0.625,9,0,1,0,0,0,0,0,0,0,0,1.9087273550585997
12,91,4,2,1,0,12,1.0,3,0,0,0,1,0,0,0,0,0,0,0.6882940584260846
26,180,10,3,3,5,24,-0.75,0,0,0,1,2,1,1,0,0,0,1,0.4602471604658236
4,23,2,0,0,0,4,0.0,9,0,0,0,1,0,0,0,0,0,0,3.1615817524882686
1,9,0,0,0,0,1,0.0,6,0,0,0,0,0,0,0,0,0,0,2.737932822294667
18,109,8,4,0,0,16,-0.125,7,0,0,1,0,0,0,0,0,0,0,0.44121510537705505
20,105,11,5,0,0,18,-0.625,9,0,0,0,0,2,0,0,0,1,0,0.6492836648393854
14,73,4,6,0,0,14,-0.125,4,0,0,1,0,1,0,0,0,0,0,0.967518345314562
3,19,1,0,0,2,3,0.0,0,0,0,0,0,0,0,0,0,0,0,0.0
6,27,3,0,0,1,6,0.75,1,0,0,0,0,0,0,0,0,1,0,1.462520999840864
2,19,1,0,0,0,2,0.375,1,0,0,0,0,0,0,0,0,1,0,2.213021760045328
1,13,0,0,0,1,1,0.0,8,0,0,0,0,0,0,0,0,0,0,0.0
6,34,2,2,0,0,6,0.0,8,0,0,0,0,0,0,0,0,0,0,1.161849406204219
21,116,10,2,0,2,17,-0.125,7,0,0,0,1,0,0,0,0,2,0,1.3467840125607597
1,15,0,0,0,1,1,0.0,2,0,0,0,0,0,0,0,0,0,0,0.0
1,4,0,1,0,0,1,0.0,0,0,0,0,0,0,0,0,0,0,0,0.0
4,18,2,2,0,0,4,-0.25,0,0,0,1,0,0,0,0,0,0,0,1.465243736394146
2,17,0,1,0,0,2,0.0,7,0,0,0,0,0,0,0,0,0,0,2.391359232014694
4,16,2,0,0,1,4,0.0,0,0,0,0,0,0,0,0,0,0,0,0.0
7,39,4,1,1,0,7,0.75,7,0,0,0,0,0,0,0,0,1,0,1.5978570772979688
7,45,2,2,0,0,7,-0.875,6,0,0,0,0,0,1,0,0,0,0,1.0600081513166686
5,23,3,1,0,0,5,0.0,4,0,0,0,0,0,0,0,0,0,0,2.0818396278115823
23,127,11,3,2,0,22,-0.25,0,1,1,0,3,1,0,0,1,0,0,0.5594866101224519
9,53,4,3,0,0,9,-0.25,1,0,0,0,1,0,0,0,0,1,0,1.1857920667394062
4,18,1,1,0,0,4,0.0,4,0,0,0,0,0,0,0,0,0,0,1.8187930798631928
9,44,0,0,0,8,6,0.0,0,0,0,0,0,0,0,0,0,0,0,0.0
20,101,9,3,0,3,19,-1.5,7,0,1,0,0,1,0,0,1,0,0,0.43697520859560157
7,45,2,0,1,4,7,0.25,4,0,0,0,0,0,0,0,0,0,0,0.7375674236518921
4,34,1,1,0,0,4,0.0,8,0,0,0,0,0,0,0,0,0,0,2.3568627962712183
2,13,0,1,0,0,2,0.0,9,0,0,0,0,0,0,0,0,0,0,3.1615817524882686
3,22,0,1,0,1,3,0.5,3,0,0,0,0,0,0,0,0,0,0,2.468434571928323
4,47,1,0,1,1,4,0.0,6,0,0,0,0,0,0,0,0,0,0,0.7462228024130345
3,27,0,1,0,0,3,-0.125,2,0,0,0,0,0,0,0,0,0,0,0.797119744004898
6,41,1,2,0,0,6,0.625,7,0,0,0,0,0,0,0,1,0,0,0.8452559351247397
10,69,3,3,0,1,10,-0.625,1,0,0,2,0,0,0,0,0,0,0,0.6311040956919579
11,69,4,3,1,2,11,0.0,0,0,0,1,0,0,0,0,0,1,0,0.4544935168070234
3,27,0,0,1,0,3,0.125,3,0,0,0,0,0,0,0,0,0,0,0.938336054069432
6,41,2,2,0,1,6,0.5,9,0,0,1,0,0,0,0,0,0,0,1.3009262039632055
10,58,2,2,0,1,10,0.25,2,0,0,0,0,0,0,0,0,0,0,0.9890210365572969
5,26,2,1,0,2,5,-0.25,7,0,0,0,0,0,0,0,0,0,0,1.4513311160345925
21,115,10,1,5,0,20,1.25,8,0,0,1,0,0,0,0,0,0,0,0.5512024607040574
15,85,7,2,2,0,14,-0.875,8,0,0,1,0,0,1,0,0,0,0,0.6529483783703195
5,23,4,1,0,0,5,0.0,6,0,0,0,1,0,0,0,0,0,0,2.5119402604231382
5,23,2,2,0,1,5,0.0,8,0,0,0,0,0,0,0,0,0,0,0.7072869938827836
9,44,2,4,0,2,8,1.25,2,0,0,0,0,0,0,0,0,0,0,0.7630579909996046
5,28,3,1,0,0,5,0.0,1,0,0,0,1,0,0,0,0,0,0,2.0818396278115823
7,35,5,1,0,0,5,0.25,4,0,0,0,0,0,0,0,0,0,0,0.0
39,238,20,2,0,6,34,1.0,5,1,0,0,1,0,0,1,0,0,0,0.24992301676747666
15,74,7,1,1,1,13,-0.25,7,0,0,0,0,0,0,0,0,0,0,0.6237045744275062
3,20,0,0,0,0,3,0.0,9,0,0,0,0,0,0,0,0,0,0,1.4157354326515825
8,44,5,2,0,0,8,-0.25,2,0,0,0,0,0,0,0,0,0,0,0.837313420141046
4,24,2,0,0,0,4,-0.375,0,0,0,0,0,0,0,0,0,0,0,0.0
6,34,3,0,1,2,6,0.0,3,0,0,0,0,0,0,0,0,0,0,0.34697327130193034
4,23,1,1,0,1,4,0.125,2,0,0,0,0,0,0,0,0,0,0,0.8707585360514045
5,21,3,0,0,0,5,0.25,6,0,0,0,0,0,0,0,0,0,0,3.7108878968223236
8,51,3,0,2,1,8,-0.375,3,0,1,0,1,1,0,0,0,0,0,0.6741949484780946
1,11,0,0,0,0,1,0.0,0,0,0,0,0,0,0,0,0,0,0,0.0
3,22,1,0,0,0,3,0.625,9,0,0,0,0,0,0,0,0,0,0,1.61312760222763
2,14,0,2,0,0,2,0.0,2,0,1,0,0,0,0,0,0,0,0,4.215442336651025
7,42,1,3,0,1,7,-0.125,2,0,0,0,0,0,0,0,0,0,0,0.9422489895604182
10,49,6,1,1,0,10,0.0,1,0,0,0,1,0,0,0,0,0,0,1.2329252704194977
15,87,5,0,4,0,15,-0.875,2,1,0,0,1,0,0,0,0,0,0,0.5904965519628558
1,8,0,0,0,1,1,-0.125,2,0,0,0,0,0,0,0,0,0,0,0.0
6,29,4,1,0,0,6,-0.125,9,0,0,0,0,0,0,0,0,0,0,2.6711671259824055
2,10,1,0,1,0,2,0.0,6,0,0,0,0,0,0,0,0,0,0,0.0
9,41,5,2,0,0,9,-0.375,2,0,1,0,0,0,0,0,0,0,0,3.364314306542351
9,60,3,2,0,0,9,-0.625,5,0,0,0,0,0,0,0,0,1,0,0.9564056438461774
3,24,0,0,0,2,3,0.0,0,0,0,0,0,0,0,0,0,0,0,0.0
33,169,18,4,4,1,30,0.0,2,0,1,0,1,0,0,0,0,1,1,0.3155864270330731
6,30,0,2,0,2,6,-0.5,5,0,0,0,0,0,0,0,0,0,0,0.5029567860437296
1,11,0,0,0,0,1,0.25,0,0,0,0,0,0,0,0,0,0,0,0.0
24,142,8,6,0,3,23,0.5,2,0,0,0,0,0,0,0,0,0,0,0.4134343170872087
6,56,2,1,1,0,6,-0.375,0,0,0,1,0,0,0,0,0,0,0,1.7277024621351813
7,33,3,1,1,0,7,-0.625,2,0,1,0,0,0,0,0,0,0,0,0.0
7,41,4,0,1,0,6,0.0,8,0,1,0,0,0,0,0,0,0,0,1.5230286111974722
19,110,8,2,1,2,16,-0.125,1,0,0,0,0,1,0,0,0,1,0,0.36646211389201977
5,36,0,2,0,0,5,-0.625,2,0,0,0,0,0,0,0,0,0,0,0.7760727094614643
86,495,39,11,5,8,65,-3.75,7,1,0,3,0,1,3,0,0,2,0,0.16660727241572773
4,22,1,1,0,1,4,-0.25,0,0,0,0,1,0,0,0,0,1,0,0.7552340059580804
14,91,7,3,1,0,14,0.0,9,0,0,0,1,0,0,0,0,0,0,0.7202897632337285
1,17,0,0,0,1,1,0.0,8,0,0,0,0,0,0,0,0,0,0,0.0
1,7,0,0,0,1,1,0.0,8,0,0,0,0,0,0,0,0,0,0,0.0
9,42,5,0,2,0,9,-0.25,7,0,0,0,0,0,0,0,1,0,0,1.2373623132960654
6,28,1,2,0,0,6,0.125,2,0,0,0,0,0,0,0,0,1,0,0.8748805186913133
12,62,5,3,0,0,12,-0.25,1,0,0,0,0,0,0,0,0,0,0,1.2592260020016897
9,51,5,2,0,0,9,0.0,4,0,0,0,1,0,0,0,0,0,0,1.0292396773408055
1,12,0,0,0,0,1,0.0,1,0,0,0,0,0,0,0,0,0,0,0.0
1,14,0,0,0,1,1,0.125,1,0,0,0,0,0,0,0,0,0,0,3.1615817524882686
16,76,10,1,0,2,15,0.25,3,0,0,0,0,0,0,0,1,0,0,0.5926663115252733
5,26,3,1,1,0,5,0.25,6,0,0,0,0,0,0,0,0,1,0,1.5994212525214682
19,93,8,2,1,4,17,0.0,1,0,0,0,0,0,0,0,0,0,0,0.31767962177713915
4,40,0,1,0,2,4,0.0,7,0,0,0,0,0,0,0,0,0,0,0.623862533995457
62,317,35,6,0,4,45,0.25,5,0,1,1,2,1,0,0,1,1,0,0.1856426979019935
11,57,4,3,0,2,11,0.625,0,0,0,0,0,0,1,0,0,1,0,0.4790709503796444
3,16,2,0,0,0,3,0.0,9,0,0,0,0,0,0,0,0,0,0,2.3245935357024328
10,55,4,2,0,0,10,0.125,4,0,0,0,0,1,0,0,0,0,0,1.4186316971561914
9,67,2,2,0,3,8,1.25,1,0,0,1,0,0,0,0,0,0,0,1.5745086840971105
24,130,13,1,1,0,20,0.75,1,1,0,0,0,0,1,0,0,0,0,0.49629955645972357
5,57,0,0,1,1,5,0.0,0,0,0,0,0,0,0,0,0,0,0,0.0
6,37,3,1,0,0,6,-1.0,0,0,0,0,0,1,0,0,0,0,0,2.011827144174919
5,27,2,0,0,2,5,0.125,8,0,0,0,0,0,0,0,0,0,0,0.0
4,31,3,1,0,0,4,0.0,2,0,0,0,0,0,0,0,0,0,0,0.9984128880816222
12,64,5,2,0,1,12,0.0,8,0,0,0,0,0,0,0,0,0,0,0.6655326875988764
5,43,0,0,0,0,5,0.0,3,0,0,0,0,0,0,0,0,1,0,2.611713164369122
16,77,8,4,0,1,13,0.875,7,0,0,0,0,0,0,0,0,0,0,0.7556233568268322
1,6,0,0,0,0,1,0.0,0,0,0,0,0,0,0,0,0,0,0,0.0
5,31,3,1,0,0,5,-0.75,4,0,0,0,0,0,0,0,0,0,0,2.205685612475866
10,63,5,3,0,2,10,1.5,1,0,0,0,1,0,0,0,0,0,0,0.8467765581004768
5,30,2,0,0,2,5,0.0,8,0,0,0,0,0,0,0,0,0,0,0.8903890419941352
2,16,0,0,0,0,1,0.0,1,0,0,0,0,0,0,0,0,0,0,3.5615561679765406
44,272,18,7,1,4,39,-1.0,9,0,0,1,0,2,0,0,0,0,0,0.1855008120132928
5,29,1,0,3,0,5,0.5,8,0,0,0,1,0,0,0,0,0,0,1.1228632198213668
8,36,5,2,0,0,8,-0.625,5,0,0,0,0,0,0,0,0,0,0,1.4915247921707404
24,132,7,5,2,3,21,-0.875,1,0,0,0,0,1,0,0,0,0,0,0.5603461928887226
12,70,7,1,0,1,10,0.125,7,0,0,0,0,0,0,0,0,0,0,2.0597741562502154
11,54,4,2,1,1,11,0.5,8,0,0,0,0,1,0,0,0,0,0,0.7321918187320212
6,36,3,1,1,1,6,-0.25,4,1,0,0,0,0,0,0,0,1,0,0.5630016324416591
9,55,2,2,1,0,9,-1.125,6,0,0,1,0,0,1,0,0,0,0,0.9831357867837388
1,7,0,0,0,1,1,0.625,4,0,0,0,0,0,0,0,0,0,0,0.0
2,13,1,0,0,0,2,0.125,0,0,0,0,0,0,0,0,0,0,0,0.0
17,98,7,4,0,0,15,0.0,4,0,0,1,0,0,0,0,0,0,0,0.7154996182196703
6,30,1,2,0,0,6,0.625,4,0,0,0,0,0,0,0,1,0,0,0.7085993569634618
17,102,4,4,2,1,17,-0.75,0,0,0,1,0,0,0,0,0,0,0,0.5140923763934363
4,19,1,1,0,0,4,-0.75,5,1,0,1,0,0,0,0,0,0,0,1.5976760358769189
14,88,6,2,1,2,14,0.0,2,0,0,1,0,0,0,0,0,0,0,0.5357209947978816
1,12,0,0,0,1,1,0.0,4,0,0,0,0,0,0,0,0,0,0,2.2657020178742413
9,55,5,1,0,0,9,0.125,0,0,0,0,0,0,0,0,0,1,0,1.0456240476940795
5,29,2,1,0,2,5,0.0,8,0,0,0,0,0,0,0,0,0,0,0.8228115239761077
3,25,1,0,0,2,3,0.0,3,0,0,0,0,0,0,0,0,0,0,1.0059135720874595
8,51,2,0,1,1,8,-1.25,2,0,0,0,0,0,0,0,0,0,0,0.5607190510903918
34,197,14,8,2,2,30,0.0,1,0,0,0,1,0,0,2,0,1,0,0.5604564536775044
1,6,0,0,0,1,1,0.0,1,0,0,0,0,0,0,0,0,0,0,3.017740716262378
1,9,0,0,0,0,1,-0.25,0,0,0,0,0,0,0,0,0,0,0,0.0
1,9,0,0,0,3,1,0.0,0,0,0,0,0,0,0,0,0,0,0,0.0
78,404,36,12,7,4,65,-0.25,9,0,2,5,1,0,0,0,0,4,2,0.1338547688029136
7,47,2,1,0,3,6,0.625,2,0,0,0,0,0,0,0,0,0,0,0.2971320814633133
2,11,0,0,0,1,2,0.0,9,0,0,0,0,0,0,0,0,0,0,3.364314306542351
6,33,3,1,0,2,6,0.5,5,0,0,0,0,0,0,0,0,0,0,0.8707585360514045
10,62,2,2,2,1,9,0.5,9,0,0,0,0,0,0,0,0,0,0,0.7613741099771513
14,90,8,2,0,0,14,0.125,4,0,0,0,0,0,1,0,1,0,0,0.8616941394967128
9,47,5,1,0,2,8,0.0,3,0,0,0,0,0,0,0,0,0,0,0.9718737990009554
6,40,3,0,0,0,6,0.0,4,0,0,0,1,0,0,0,0,0,0,1.2417536455329485
4,24,3,1,0,0,4,0.0,5,0,0,0,0,0,0,0,0,0,0,2.3245935357024328
12,55,7,1,0,2,12,0.875,3,0,0,0,0,0,0,0,1,0,0,0.38676537237788766
21,106,12,3,0,1,17,0.625,9,0,0,0,1,1,1,0,0,0,0,0.9896899381832149
5,32,2,1,0,1,5,0.25,4,0,0,0,0,0,0,0,0,0,0,0.8135122685254026
4,31,1,1,0,2,3,0.5,3,0,0,0,0,0,0,0,0,0,0,0.41140576198805384
9,52,5,0,1,0,8,0.625,6,0,0,0,0,0,0,0,0,0,0,1.2425410633813556
10,63,2,1,2,2,9,0.125,2,0,0,0,0,0,0,0,0,0,0,0.6255015649328975
21,142,8,1,2,2,20,0.5,2,1,0,0,0,0,0,0,1,0,0,0.5634115926395272
5,28,2,0,0,2,5,0.0,4,0,0,0,1,0,0,0,0,0,0,0.9687229802017577
1,4,0,0,0,0,1,0.0,0,0,0,0,0,0,0,0,0,0,0,0.0
5,33,4,0,1,0,5,-0.75,0,0,0,0,0,0,0,0,0,0,0,0.0
1,13,0,0,0,1,1,0.0,9,0,0,0,0,0,0,0,0,0,0,0.0
6,36,4,1,0,0,6,0.125,6,0,0,0,1,0,0,0,0,0,0,3.364314306542351
10,48,7,2,0,0,10,0.0,7,0,0,1,0,0,1,0,0,0,0,2.121860981648351
6,35,3,0,0,0,6,-0.875,0,0,0,0,0,0,0,0,0,1,0,1.8920948169591305
10,56,3,1,1,1,9,-1.875,8,0,0,0,0,0,0,0,0,1,0,1.032794473424992
11,63,8,1,0,1,9,0.5,9,0,0,0,0,0,0,0,0,1,0,1.1214381021807835
16,98,9,1,0,1,15,-0.625,1,0,0,0,0,0,0,0,1,1,0,0.5524270637691564
11,78,5,0,2,1,10,0.625,1,0,0,0,1,1,0,0,0,0,0,0.4997160086537268
5,44,2,2,0,0,5,-0.125,0,0,0,0,0,0,0,1,0,0,0,1.763892924355486
8,38,4,1,0,1,8,-0.5,6,0,0,0,0,1,0,0,0,0,0,0.8224108110485367
2,9,1,0,0,0,2,0.0,1,0,0,0,0,0,1,0,0,0,0,2.1431407888577487
17,114,6,3,1,3,17,-1.375,5,0,1,0,0,0,0,0,0,0,1,0.4701887886063777
9,38,4,3,0,0,8,-0.5,3,0,0,1,0,1,0,0,0,0,0,1.0987769592238135
1,19,0,0,0,3,1,0.0,4,0,0,0,0,0,0,0,0,0,0,0.0
12,84,6,2,1,1,9,0.375,7,0,0,0,0,0,0,0,0,1,0,1.3778280752876135
2,17,0,1,0,0,2,0.0,2,0,0,0,0,0,0,0,0,0,0,2.5595953503253006
9,54,1,2,0,5,9,-0.25,5,0,0,0,0,0,0,0,0,0,0,0.7068357898709188
10,56,3,2,0,2,10,0.75,9,0,0,0,1,0,0,0,0,1,0,0.568251933424815
7,40,0,1,0,0,7,0.375,3,0,0,0,0,0,0,0,0,0,0,2.6122756081542136
2,18,0,0,0,0,2,0.0,6,0,0,0,0,0,0,0,0,0,0,2.737932822294667
23,133,10,3,1,2,23,0.625,1,0,0,0,0,0,0,0,1,2,0,0.34002559949852595
6,39,1,2,0,0,6,0.125,8,0,0,1,0,0,0,0,0,0,0,1.1723616211395869
11,49,7,3,0,0,11,0.0,1,0,0,0,0,0,0,0,0,0,0,1.622934352231452
1,6,0,1,0,0,1,0.0,2,0,0,0,0,0,0,0,0,0,0,1.6314463551424876
4,27,1,1,0,0,4,0.625,9,0,0,0,0,0,0,0,0,0,0,3.1615817524882686
20,99,8,3,1,1,16,-0.25,0,0,0,0,1,0,0,0,0,0,0,0.6417732635101795
15,115,6,3,1,2,12,1.125,3,0,0,0,2,1,0,0,0,1,0,0.8011991052142844
11,54,6,1,2,0,9,-0.375,0,0,0,0,0,1,0,0,0,0,0,1.283087574192172
1,9,0,0,0,0,1,0.0,8,0,0,0,0,0,0,0,0,0,0,0.0
8,35,5,1,2,0,8,0.625,3,0,0,0,0,0,0,0,0,1,0,1.2788036275905441
1,9,0,0,0,1,1,0.0,3,0,0,0,0,0,0,0,0,0,0,0.0
5,24,3,1,0,0,5,0.125,2,0,0,0,0,0,0,0,0,0,0,0.9984128880816222
12,68,6,1,1,4,10,-1.0,7,0,0,0,0,0,0,0,0,0,0,0.4246312043354911
18,87,12,3,0,0,15,0.25,4,0,0,0,0,0,0,0,1,2,0,0.6984911911929208
30,189,8,5,3,4,29,0.625,8,0,0,0,0,0,1,0,0,1,0,0.20215834112390088
6,34,2,0,1,1,6,0.0,9,0,0,0,0,0,0,0,0,1,0,1.4139175011988252
4,32,0,0,0,3,4,0.0,4,0,0,0,0,0,0,0,0,0,0,0.3364314306542351
3,19,1,0,0,2,3,-0.25,1,0,0,0,0,0,0,0,0,0,0,1.2369626322741079
7,48,1,1,2,1,7,-0.5,2,0,0,0,0,0,1,0,0,0,0,1.5720108332726488
2,8,1,0,0,0,2,-0.125,0,0,0,0,0,0,0,0,0,0,0,0.0
12,61,5,1,1,0,12,0.0,2,0,0,0,0,0,0,0,0,0,0,0.9313954573661808
6,38,3,1,0,1,6,0.0,4,0,1,0,0,0,0,0,0,0,0,1.1214381021807835
6,29,2,1,0,0,6,0.375,3,0,0,0,0,0,0,0,0,0,0,1.7257419400462626
1,16,0,0,0,0,1,0.0,8,0,0,0,0,0,0,0,0,0,0,0.0
17,106,6,3,1,0,17,0.75,9,0,0,0,0,0,1,0,0,0,0,0.8117891200087868
18,104,9,3,1,1,16,0.125,3,0,0,0,1,0,1,0,0,0,0,0.5077622033192674
4,28,0,2,0,0,4,0.0,8,0,0,0,0,0,0,0,0,0,0,1.3811288718552086
3,24,0,1,0,1,3,0.0,8,1,0,0,0,0,0,0,0,0,0,0.7653391142941394
41,230,20,6,1,4,35,-0.625,5,0,0,3,1,0,0,0,0,0,0,0.2501052179852188
7,43,2,2,0,2,7,-0.125,5,0,0,0,0,0,0,0,0,0,0,1.0859392068617033
6,29,5,1,0,0,6,0.375,5,0,0,0,0,0,0,0,0,0,0,2.2942812247942155
3,16,1,0,0,1,3,0.0,1,0,0,1,0,0,0,0,0,0,0,3.7108878968223236
27,131,13,7,0,4,26,0.125,0,0,0,0,0,0,0,0,0,0,0,0.3323157157632917
10,66,1,2,0,3,9,1.375,2,0,0,0,1,0,0,0,0,0,0,0.6258682520642387
19,99,11,3,1,2,19,0.875,8,0,0,0,0,0,0,0,0,0,0,0.5459155795979437
2,11,0,0,0,0,2,0.625,8,0,0,0,0,0,0,0,0,0,0,0.0
22,121,10,1,1,4,22,1.25,9,0,0,0,1,0,0,0,0,0,0,0.4911754072183236
13,73,4,1,0,6,12,0.375,8,0,0,0,0,0,0,0,0,0,0,0.5139653828268026
4,31,1,1,1,0,4,0.25,3,0,0,0,1,0,0,0,0,0,0,1.3445084076209
58,335,25,9,5,0,51,0.25,3,0,0,0,1,0,0,0,0,1,0,0.3138208652070872
7,42,3,1,1,0,7,0.5,3,0,0,0,0,0,0,0,0,0,0,1.1228632198213668
9,45,6,0,0,0,9,-0.25,9,0,0,0,0,0,0,0,0,0,0,1.646784492838231
12,69,7,1,0,2,12,-0.625,5,0,0,0,0,0,0,0,0,0,0,0.9249235902181491
4,27,0,1,0,2,4,1.0,4,0,0,0,0,0,0,0,0,0,0,0.6968438157057291
46,229,24,6,1,1,40,-1.5,9,0,0,3,0,2,0,0,0,3,0,0.2751856637075379
11,46,6,2,0,0,7,-0.25,0,0,0,0,0,0,0,0,0,0,0,0.0
6,35,1,1,0,1,6,-0.875,1,0,1,0,0,0,0,0,0,0,0,1.1347588272592748
7,29,2,0,2,0,6,-0.25,0,0,0,0,0,0,0,0,0,0,0,0.0
1,13,0,0,0,1,1,0.625,4,0,0,0,0,0,0,0,0,0,0,0.0
1,11,0,0,0,0,1,0.25,0,0,0,0,0,0,0,0,0,0,0,0.0
9,58,1,3,2,0,8,-0.625,1,0,0,3,0,0,0,0,0,1,0,1.202615678570467
8,65,3,3,1,0,8,-1.25,9,0,0,0,1,0,0,0,0,0,0,0.7290208210620139
3,15,1,1,0,0,3,0.0,6,0,0,1,0,0,0,0,0,0,0,3.017740716262378
10,52,4,0,1,0,10,0.0,0,0,0,0,0,0,0,0,0,2,0,1.0378295931088015
4,23,0,0,0,2,4,0.0,3,0,0,0,0,0,0,0,0,0,0,0.0
2,10,1,0,1,0,2,0.0,6,0,0,0,0,0,0,0,0,0,0,0.0
10,67,6,0,0,0,10,0.125,2,0,0,0,0,0,0,0,0,0,0,1.08764934317177
29,186,11,9,3,3,25,0.125,1,0,1,1,0,0,0,0,0,0,0,0.4563811232049425
3,13,1,1,0,0,3,0.0,2,0,0,0,0,0,0,0,0,0,0,2.1431407888577487
18,83,9,2,4,0,16,-0.5,0,0,0,0,1,0,0,1,0,1,0,0.5580586457307253
7,30,3,0,1,1,7,0.375,4,0,0,0,0,0,0,0,0,0,0,2.9061689406052733
8,43,5,1,0,0,7,-1.0,7,0,0,0,0,0,0,0,0,0,0,2.815008162208296
7,46,3,0,0,3,7,0.0,3,0,0,0,0,0,0,0,0,0,0,0.8536185265021865
4,27,1,1,0,0,4,0.625,9,0,0,0,0,0,0,0,0,0,0,3.1615817524882686
6,32,2,1,1,0,6,-0.75,5,0,0,0,0,0,0,0,0,0,0,2.737932822294667
50,294,20,8,1,2,44,0.625,4,0,1,1,1,2,0,1,0,0,0,0.2935248556780524
5,32,2,1,0,0,5,0.25,7,0,0,0,0,0,0,0,0,0,0,2.1431407888577487
12,72,6,1,3,0,12,-1.0,4,0,0,3,0,0,0,0,0,0,0,1.091345905855321
9,52,2,2,0,1,9,-0.125,3,0,2,1,0,0,0,0,0,0,0,0.7129009783645479
6,35,3,1,1,0,6,0.25,8,0,0,0,0,1,0,0,0,0,0,0.0
16,96,8,3,0,0,15,0.375,4,0,1,0,1,1,0,0,0,0,0,0.7194278618418594
3,19,1,0,1,0,3,-0.375,9,0,0,0,0,0,0,0,0,0,1,1.494302634251609
11,66,6,0,2,2,11,0.0,1,0,0,0,0,1,0,0,0,0,0,0.7175528309033695
2,15,0,0,1,0,2,0.0,4,0,0,0,0,0,0,0,0,0,0,2.3245935357024328
3,28,2,0,1,0,3,0.375,2,0,0,0,0,0,0,0,0,1,0,3.7108878968223236
1,7,0,0,0,1,1,0.625,4,0,0,0,0,0,0,0,0,0,0,0.0
15,84,5,2,2,1,14,-0.5,5,0,0,1,1,0,1,0,0,0,0,0.41968641121020767
10,56,6,1,0,0,10,-0.375,6,0,0,0,0,0,0,0,0,0,0,1.5568173702064858
10,65,0,6,0,0,7,0.0,3,0,0,0,0,0,0,0,0,0,0,0.87819308478891
18,94,11,2,2,0,17,0.0,2,0,0,1,0,0,0,0,1,0,0,0.8049377947104391
16,82,6,3,1,0,11,-2.125,5,0,0,0,0,0,2,0,0,0,0,0.6179322468750647
6,52,3,1,0,2,6,0.25,4,0,0,0,0,0,0,0,0,0,0,0.4563221370491111
6,34,3,1,0,0,6,0.0,0,0,0,0,0,0,0,0,0,0,0,2.391359232014694
5,28,3,1,0,0,5,0.0,1,0,0,0,0,0,0,0,0,1,0,1.3439382799695068
8,48,3,2,0,0,7,0.0,5,0,0,0,0,1,0,0,0,0,0,1.5044067378876818
1,5,0,0,0,0,1,-0.25,0,0,0,0,0,0,0,0,0,0,0,0.0
12,59,7,0,0,2,12,-0.5,6,0,0,0,1,0,0,0,1,0,0,0.9163292865747458
26,140,12,5,1,2,25,-0.25,9,1,0,0,0,0,0,1,0,0,0,0.44504052932502786
16,84,8,1,0,2,16,0.0,1,1,0,0,0,0,0,0,0,0,0,0.5977514091514176
3,19,1,0,0,1,3,0.125,3,0,0,0,0,0,0,0,0,0,0,0.8707585360514045
4,20,0,0,0,2,2,0.0,0,0,0,0,0,0,0,0,0,0,0,4.485752408723134
25,154,9,7,2,3,23,0.25,9,0,0,0,0,0,0,0,0,2,0,0.28317470738750444
12,56,2,2,0,4,10,0.125,8,0,0,0,0,1,0,0,0,1,0,0.3300636388226663
9,54,3,1,1,3,9,-0.25,6,0,1,0,0,0,0,0,0,0,0,0.6477746826750752
4,14,2,1,0,0,4,0.0,2,0,0,0,0,1,0,0,0,0,0,2.391359232014694
2,34,0,0,0,2,2,0.0,8,0,0,0,0,0,0,0,0,0,0,0.0
1,5,0,0,0,0,1,-0.25,0,0,0,0,0,0,0,0,0,0,0,0.0
11,51,6,2,0,0,10,0.5,3,1,0,0,0,0,0,0,0,0,0,1.2395954960589592
5,30,1,1,1,1,5,0.0,6,0,0,0,0,0,0,0,0,0,0,1.2369626322741079
21,112,7,3,2,0,21,0.625,7,0,0,0,0,0,0,0,0,1,0,0.6474334092199785
10,66,1,1,0,6,9,0.125,9,0,0,0,0,0,0,0,0,0,0,1.6176282505487094
21,110,10,2,7,0,17,-0.75,0,0,0,0,3,0,0,1,0,2,0,0.48746867234339814
24,128,11,2,0,2,21,-1.0,6,0,0,0,0,0,0,0,0,0,0,0.631295950228884
7,53,2,2,0,2,7,0.0,4,0,0,0,0,0,0,0,0,0,0,0.644882071911699
11,64,3,3,0,0,10,0.25,6,0,0,1,0,0,0,0,0,0,0,0.7153064445660369
2,9,0,1,0,0,2,0.0,6,0,0,0,0,0,0,0,0,0,0,2.428413218091555
3,14,0,0,0,2,3,-0.25,8,0,0,0,0,0,0,0,0,0,0,0.0
14,83,7,3,1,1,13,0.25,2,0,0,0,0,0,0,0,0,0,0,0.49560279060542717
2,13,1,0,0,0,2,-0.625,8,0,0,0,0,0,0,0,0,0,0,3.1615817524882686
5,30,1,0,2,0,5,0.5,9,0,0,0,0,0,0,0,0,0,0,1.3976888281327826
6,36,1,2,0,2,5,0.0,7,0,0,0,0,0,0,0,0,0,0,1.5712418641808121
7,42,4,1,0,1,7,0.0,7,0,0,0,0,0,0,0,0,0,0,2.391359232014694
7,36,0,1,1,3,6,0.25,5,0,0,0,1,0,0,0,0,0,0,1.1383436093495825
4,28,2,0,0,1,4,0.0,0,0,0,0,0,0,0,0,0,0,0,2.468434571928323
3,22,2,0,1,0,3,0.0,0,0,0,0,0,0,0,0,0,0,0,0.0
2,21,0,1,0,0,2,0.0,1,0,0,0,0,0,0,0,0,0,0,2.6122756081542136
7,47,2,1,0,0,7,-0.625,2,0,0,0,0,0,1,0,0,0,0,1.272591399735617
5,25,0,0,0,4,5,0.0,3,0,0,0,0,0,0,0,0,0,0,0.0
7,38,2,1,0,0,7,0.125,1,0,0,0,0,0,0,0,0,0,0,1.224017120838105
4,20,3,1,0,0,4,0.0,0,0,0,0,0,0,0,0,0,0,0,0.0
10,64,3,1,0,2,10,0.0,4,0,0,0,0,0,0,0,0,1,0,0.6933012106607936
21,106,13,2,1,1,21,0.125,0,0,0,0,0,0,0,0,0,0,0,0.7422592295309305
5,26,3,1,0,1,5,-0.5,1,0,0,0,0,0,0,0,0,0,0,1.0538605841627562
2,21,0,0,0,2,2,0.0,8,0,0,0,0,0,0,0,0,0,0,0.0
3,14,2,0,0,0,3,0.0,0,0,0,0,0,0,0,0,0,0,0,0.0
2,15,0,1,0,0,2,0.625,1,0,0,0,1,0,0,0,0,0,0,1.2377619943180234
5,24,3,1,0,0,5,-0.625,4,0,0,0,0,0,0,0,0,0,0,1.3881398160694607
1,9,0,0,0,0,1,0.0,4,0,0,0,0,0,0,0,0,0,0,0.0
15,93,8,1,1,3,11,0.25,6,0,0,2,0,0,0,0,0,0,0,0.6804506303800315
5,24,2,1,0,1,5,0.625,4,0,0,0,0,0,0,0,0,0,0,0.6469604239472253
1,9,0,0,0,0,1,0.0,4,0,0,0,0,0,0,0,0,0,0,0.0
5,39,1,1,0,0,5,0.25,7,0,0,0,0,0,0,0,0,0,0,1.2718551601789565
1,6,0,1,0,0,1,0.0,1,0,0,0,0,0,0,0,0,0,0,2.428413218091555
14,100,7,2,1,1,14,0.0,7,0,0,0,0,0,0,0,0,2,0,0.6780136421358688
7,33,3,0,0,2,7,0.125,0,0,0,0,0,0,1,0,0,0,0,0.0
7,43,4,2,1,0,6,0.375,3,0,0,0,0,0,0,0,0,1,0,2.8427622245557704
2,31,0,0,0,1,2,0.0,2,0,0,0,0,0,0,0,0,0,0,1.2369626322741079
2,9,0,1,0,0,2,0.0,6,0,0,0,0,0,0,0,0,0,0,2.428413218091555
9,60,5,1,0,1,9,0.125,2,0,0,0,0,0,0,0,0,0,0,1.5697669283013154
11,56,5,2,0,2,11,0.125,5,0,0,0,0,0,0,0,0,0,0,0.5702507351690331
4,25,2,1,0,0,4,0.125,5,0,0,0,0,0,0,0,0,0,0,2.14960690637233
9,51,4,2,0,2,9,0.75,4,0,0,0,0,0,0,0,0,0,0,0.9565436928058777
5,38,1,2,0,0,5,0.0,8,0,0,0,0,0,0,0,0,0,0,2.1077211683255124
12,57,6,1,2,1,8,1.0,1,0,0,0,0,0,0,0,1,0,0,1.2179695631018688
3,21,2,1,1,0,3,0.125,2,0,0,0,0,0,0,0,0,0,0,1.6314463551424876
3,13,1,1,0,0,3,-0.25,6,0,0,0,0,0,0,0,0,0,0,2.101449984388223
7,29,4,0,1,0,7,0.125,4,0,0,0,0,0,0,0,0,0,0,2.3245935357024328
6,37,3,1,0,0,6,0.0,5,1,0,0,0,0,0,0,0,0,0,1.3987240381326624
9,53,6,2,0,0,6,0.0,3,0,0,0,0,0,0,0,0,0,0,3.1615817524882686
4,20,3,1,0,0,4,0.0,2,0,0,0,0,0,0,0,0,0,0,0.9984128880816222
9,48,4,2,0,1,7,0.25,8,0,0,0,0,0,0,0,0,0,0,3.7108878968223236
2,12,1,0,0,0,2,0.0,0,0,0,0,0,0,0,0,0,0,0,0.0
6,36,1,1,0,3,6,0.0,9,0,0,0,0,0,0,0,0,0,0,0.55074550954001
2,11,0,1,0,0,2,0.0,9,0,0,0,0,0,0,0,0,0,0,2.468434571928323
5,25,0,2,0,1,4,0.0,2,0,0,0,0,0,0,0,0,0,0,1.087630903428325
21,119,9,3,3,0,20,1.375,5,0,0,0,0,0,0,0,0,3,0,0.4744788661485276
13,60,6,3,1,0,13,0.5,3,0,0,0,0,1,0,0,0,0,0,0.748833042681297
29,177,13,4,4,3,27,1.5,9,0,0,0,0,0,0,0,0,0,0,0.3733135036130316
12,71,5,1,1,0,12,-0.625,0,0,0,0,0,0,0,0,0,0,0,0.7569849000696186
4,21,3,1,0,0,4,0.5,9,0,0,1,0,0,0,0,0,0,0,3.7108878968223236
6,21,3,2,0,0,6,0.125,2,0,1,0,0,0,0,0,0,0,0,0.9984128880816222
45,227,24,5,2,3,37,-1.5,0,0,0,1,1,1,0,0,0,1,0,0.32541166703457053
13,57,5,2,0,2,11,0.125,7,0,0,1,0,0,0,0,0,0,0,2.034082376279006
12,63,4,2,1,0,12,-0.75,2,0,0,0,0,0,0,0,0,0,0,0.9042810124850327
5,34,2,0,1,1,5,-0.125,5,0,0,0,0,0,0,0,0,0,0,1.011291782182257
1,16,0,0,0,0,1,0.0,0,0,0,0,0,0,0,0,0,0,0,0.0
1,7,0,0,0,0,1,0.0,0,0,0,0,0,0,0,0,0,0,0,0.0
1,8,0,0,0,0,1,0.0,3,0,0,0,0,0,0,0,0,0,0,0.0
4,17,3,1,0,0,4,0.125,0,0,0,0,0,0,0,0,0,0,0,0.0
4,21,2,1,0,0,4,-0.125,3,0,0,0,0,0,0,0,0,1,0,1.5811608854362136
2,11,0,0,0,0,2,0.0,0,0,0,0,0,0,0,0,0,0,0,0.0
1,6,0,0,0,0,1,0.0,8,0,0,0,0,0,0,0,0,0,0,3.7108878968223236
9,68,4,0,3,0,8,-0.5,5,0,0,0,1,0,0,0,0,0,0,1.3813204102836523
5,33,1,1,0,0,5,0.375,8,0,0,0,0,0,0,0,0,0,0,0.0
5,31,2,0,0,0,5,0.0,7,0,0,0,0,0,0,0,0,0,0,1.559102310188768
3,19,1,1,0,1,3,0.25,0,0,0,0,0,0,0,0,0,0,0,2.034082376279006
11,50,7,0,2,0,11,2.125,9,0,0,0,0,0,0,0,0,1,0,1.0059135720874595
2,15,1,0,1,0,2,0.5,9,0,0,0,0,0,0,0,0,0,0,3.364314306542351
8,45,4,2,0,2,8,-0.375,8,0,0,0,1,0,0,0,0,0,0,0.7217888900477218
3,22,1,0,0,1,3,0.0,4,1,0,0,0,0,0,0,0,0,0,2.0901610823825414
20,102,10,3,1,0,18,0.625,9,0,0,0,0,0,0,0,1,0,0,0.6636240390980984
1,6,0,0,0,0,1,0.0,0,0,0,0,0,0,0,0,0,0,0,0.0
18,102,8,2,1,1,18,0.25,3,0,1,1,0,0,0,0,0,0,0,0.5291129561459765
1,4,0,1,0,0,1,0.0,0,0,0,0,0,0,0,0,0,0,0,0.0
13,93,4,3,2,0,13,-0.875,5,0,0,0,0,0,0,0,0,1,0,1.6957625157831544
13,79,6,0,4,0,13,-2.125,6,0,1,0,0,0,0,0,0,1,0,0.5513914092993853
14,83,4,2,1,2,13,1.375,4,0,0,0,0,0,0,0,1,0,0,0.5257760012935017
6,34,2,0,1,0,6,-1.5,8,0,0,1,0,0,0,0,0,0,0,2.428413218091555
3,18,1,1,0,0,3,0.125,4,0,0,0,0,0,0,0,0,0,0,2.815008162208296
14,70,7,1,2,2,13,0.5,8,0,0,0,0,1,0,0,0,3,0,0.3913571026278591
9,51,1,1,2,1,9,-1.0,9,1,0,0,0,0,0,0,0,0,1,1.2838968621785478
10,55,6,1,1,1,10,-0.25,7,0,0,0,1,0,0,0,0,0,0,0.9785503686321817
3,21,0,1,0,1,3,0.5,1,0,0,0,0,0,0,0,0,0,0,1.69986011469132
6,44,2,4,0,0,4,0.0,9,0,0,0,0,0,0,0,0,0,0,2.4717289875002586
6,43,2,1,0,1,6,0.0,8,0,0,0,0,0,0,0,0,0,0,0.0
3,9,3,0,0,0,3,0.0,0,0,0,0,0,0,0,0,0,0,0,0.0
6,28,3,1,0,0,6,0.125,0,0,0,0,0,0,0,0,1,0,0,1.765842724206656
12,89,5,3,1,0,12,0.0,9,1,0,0,0,0,0,0,0,1,0,1.4496977997009322
4,27,0,0,2,0,4,1.0,9,0,0,0,0,0,0,0,0,1,0,1.5851387990039874
11,111,3,1,1,5,11,0.5,8,0,0,0,0,0,0,0,0,1,0,0.42259878045399357
1,9,0,0,1,0,1,0.0,2,0,0,0,0,0,0,0,0,0,0,0.0
6,35,2,0,0,3,6,0.125,3,0,0,0,0,0,0,0,0,0,0,0.6646314315265834
2,9,0,0,0,2,2,-0.25,0,0,0,0,0,0,0,0,0,0,0,0.0
7,34,4,0,1,1,7,-0.25,9,0,0,0,0,1,0,0,0,0,0,1.265301566235697
23,129,10,1,0,8,20,0.0,3,0,0,0,1,0,0,0,0,0,0,0.26979249124731874
5,40,1,0,0,4,5,0.625,8,0,0,0,0,0,0,0,0,0,0,0.0
10,53,5,2,0,1,10,-0.625,2,0,0,0,0,0,0,0,0,0,0,0.7507700922107976
29,175,13,3,3,1,24,-0.875,8,0,2,0,0,1,0,0,0,1,0,0.35364403509705317
1,8,0,0,0,0,1,0.0,0,0,0,0,0,0,0,0,0,0,0,0.0
8,35,6,0,0,0,8,-0.5,0,0,0,0,0,0,0,0,0,0,0,0.0
42,250,18,2,3,4,37,0.625,8,0,0,1,3,0,1,0,0,3,0,0.25386765014809953
12,62,7,1,0,2,11,0.125,0,0,0,0,0,0,0,0,0,0,0,0.692041666138589
3,15,1,2,0,0,3,0.0,2,0,0,0,0,0,0,0,0,0,0,1.6314463551424876
3,21,0,0,0,2,3,0.0,3,0,0,0,0,0,0,0,0,0,0,2.0597741562502154
18,93,6,4,0,2,16,0.5,6,0,0,0,1,0,0,0,0,0,0,0.48296319054874776
9,49,2,1,1,0,9,-1.375,6,0,0,0,0,0,0,0,0,0,0,0.9977557970102415
2,17,0,0,0,1,2,0.125,0,0,0,0,0,0,0,0,0,0,0,0.0
1,10,0,0,0,1,1,0.0,7,0,0,0,0,0,0,0,0,0,0,2.815008162208296
14,98,6,3,0,2,14,-0.625,7,0,0,0,0,0,0,0,0,0,0,1.071302188954908
4,15,3,0,0,0,4,0.125,0,0,0,0,0,0,0,0,0,0,0,0.0
9,54,4,2,1,0,9,0.75,5,1,0,0,1,0,0,0,0,0,0,1.4922350704399023
41,236,14,11,1,5,38,0.375,3,0,0,0,0,0,0,0,0,0,0,0.2605324498824297
1,12,0,0,0,1,1,0.0,4,0,0,0,0,0,0,0,0,0,0,2.2657020178742413
2,17,0,0,0,2,2,0.0,8,0,0,0,0,0,0,0,0,0,0,0.0
5,23,1,2,0,0,4,-0.5,9,0,0,2,0,0,0,0,0,0,0,3.753344216277728
1,4,0,0,0,0,1,-0.25,0,0,0,0,0,0,0,0,0,0,0,0.0
16,108,3,2,4,0,16,1.625,3,0,0,0,1,0,0,0,0,1,0,0.365055766099076
79,413,41,10,1,3,57,-2.375,3,0,0,2,2,3,0,1,0,0,0,0.20236317894001388
20,112,12,6,2,1,16,-0.875,8,0,0,0,0,0,0,0,0,0,0,1.0575407463372686
4,32,0,1,1,0,4,0.125,6,0,0,0,1,0,0,0,0,0,0,1.5277918123508012
7,35,4,2,0,0,7,0.125,3,0,0,0,1,0,0,0,0,0,0,1.46526634615081
11,62,6,1,0,2,11,0.125,3,0,0,0,0,0,0,0,0,1,0,0.7212507198806888
16,74,11,4,0,1,11,0.0,2,0,0,0,0,0,0,0,0,0,0,1.3399963153789471
22,147,9,3,0,3,20,0.125,0,1,1,0,0,0,0,0,0,0,0,0.405761505133678
20,120,10,4,1,1,15,-0.5,2,0,0,0,0,0,0,0,0,1,0,0.5521393303708763
10,50,6,2,0,3,8,0.0,8,0,0,0,0,0,0,0,0,0,0,0.42659922505421677
7,36,2,1,1,1,7,0.125,2,0,0,0,0,0,0,0,0,0,0,0.75626921595796
29,158,14,4,1,2,26,0.75,4,0,0,0,0,0,0,0,0,0,0,0.5745875070641575
4,26,3,0,0,0,4,0.125,0,0,0,0,0,0,0,0,0,0,0,0.0
9,52,5,2,0,0,7,-1.125,1,0,2,0,0,0,0,0,0,0,0,3.2912460959044307
8,45,4,2,0,0,8,0.0,3,0,0,0,0,0,0,0,0,0,0,1.2567302560087488
2,11,0,1,0,0,2,0.0,3,0,0,0,0,0,0,0,0,0,0,3.1615817524882686
10,45,5,3,1,0,8,-0.25,1,0,0,0,1,0,0,0,0,1,0,1.3944909414709281
43,235,18,13,0,4,31,-0.75,6,0,1,1,4,0,0,0,0,0,0,0.3104863021318242
1,5,0,0,0,0,1,0.25,0,0,0,0,0,0,0,0,0,0,0,0.0
5,26,1,1,0,4,5,0.0,1,0,0,0,0,0,0,0,0,0,0,1.7976816833644995
9,49,4,2,1,1,9,0.5,6,0,0,0,0,0,0,0,0,0,0,1.1903279832794893
2,11,0,0,1,0,2,0.0,2,0,0,0,0,0,0,0,0,1,0,0.0
9,67,5,2,1,0,9,-0.375,5,0,0,0,0,0,0,0,0,1,0,1.2358644937501293
3,16,2,0,0,1,3,0.0,3,0,0,0,0,0,0,0,0,0,0,2.6122756081542136
6,31,1,1,0,2,6,0.0,5,0,0,0,0,0,0,0,1,0,0,0.8707585360514045
9,48,4,1,0,1,9,-0.25,0,0,0,0,0,0,0,0,0,2,0,0.7976858889243461
9,54,6,1,2,0,8,0.875,6,0,0,0,0,0,0,0,0,0,0,1.2646042120964873
26,128,9,3,1,0,25,-1.125,2,0,0,1,0,0,0,0,0,1,0,0.61627878646114
25,118,12,4,2,0,22,1.125,6,0,0,1,1,0,0,0,0,0,0,0.4590295553576674
1,13,0,1,0,0,1,0.0,4,0,0,0,0,0,0,0,0,0,0,0.0
3,17,0,0,0,2,3,-0.25,1,0,0,0,0,0,0,0,0,0,0,0.0
3,15,1,1,0,1,3,0.0,6,0,0,0,0,0,0,0,0,0,0,0.0
1,7,0,0,0,1,1,0.625,4,0,0,0,0,0,0,0,0,0,0,0.0
5,34,2,1,0,1,5,0.25,9,0,0,1,0,0,0,0,0,0,0,0.9873182761446084
1,14,0,0,0,1,1,0.0,8,0,0,0,0,0,0,0,0,0,0,0.0
1,4,0,0,0,0,1,-0.25,0,0,0,0,0,0,0,0,0,0,0,0.0
11,72,5,2,0,1,11,0.75,4,0,0,0,0,0,0,0,0,1,0,0.7274612150189671
4,30,1,1,0,1,4,-0.125,9,0,0,0,0,0,0,0,0,0,0,1.3734585165503503
11,84,2,1,2,3,11,0.375,5,0,0,0,0,0,0,0,0,1,0,0.31856365537941606
12,69,8,1,0,1,11,0.0,3,0,0,0,0,0,0,0,0,0,0,0.7988380179384593
2,13,0,0,0,1,2,0.0,3,0,0,0,0,0,0,0,0,0,0,0.0
13,88,7,0,2,2,13,-0.25,5,0,0,0,0,0,1,0,0,0,0,0.5372053550496467
1,10,0,0,0,0,1,0.0,4,0,0,0,0,0,0,0,0,0,0,0.0
8,38,3,2,0,0,8,0.0,2,0,1,0,0,0,0,0,0,0,0,2.0597741562502154
1,9,0,0,1,0,1,0.0,2,0,0,0,0,0,0,0,0,0,0,0.0
3,13,2,0,0,0,3,0.125,0,0,0,0,0,0,0,0,0,0,0,0.0
27,152,17,3,2,0,23,-0.25,1,0,1,0,0,0,0,1,0,0,0,0.5599581722197868
12,56,4,1,1,0,12,-0.75,9,0,1,0,0,0,0,0,0,1,0,0.9026546736793848
7,43,2,1,0,2,7,0.0,8,0,0,0,0,0,0,0,0,0,0,0.405686375839991
12,76,6,1,2,0,12,1.0,1,0,0,0,0,0,0,0,0,1,0,0.844893281961235
9,54,3,3,0,2,8,0.125,7,0,0,0,0,1,0,0,0,0,0,0.7893408869362686
17,95,11,4,0,1,15,1.375,7,0,0,0,0,0,0,0,0,0,0,0.6134430683162654
6,41,2,1,0,1,6,-0.125,5,0,0,1,0,0,0,0,0,0,0,0.9015166580461786
4,33,0,1,0,1,4,0.0,2,0,0,0,0,0,0,0,0,0,0,0.0
11,53,6,1,0,0,11,-0.125,1,0,0,0,0,0,0,0,0,0,0,1.2369626322741079
2,12,0,0,0,0,2,0.0,0,0,0,0,0,0,0,0,0,0,0,3.364314306542351
6,31,3,1,0,0,6,0.625,9,0,0,0,0,0,0,0,0,1,0,1.4195182303399463
1,5,0,0,0,0,1,0.0,0,0,0,0,0,0,0,0,0,0,0,0.0
38,195,18,5,1,2,36,0.125,7,0,0,0,1,0,0,0,1,0,0,0.33093474011814034
11,55,4,2,0,0,11,0.0,2,0,0,0,0,0,0,0,0,0,0,0.9887823726196642
3,19,1,0,0,0,3,0.0,0,0,0,1,0,0,0,0,0,0,0,3.017740716262378
25,143,11,3,3,0,24,1.0,6,0,0,1,0,1,0,0,0,0,0,0.4233927661494858
1,5,0,0,0,0,1,0.0,0,0,0,0,0,0,0,0,0,0,0,0.0
3,18,1,0,0,2,3,0.125,1,0,0,0,0,0,0,0,0,0,0,1.924619120214161
13,57,7,2,0,0,11,0.0,1,0,0,0,0,0,0,0,0,0,0,1.2440325389355267
11,55,6,1,1,0,11,-0.625,3,0,0,1,0,0,0,0,0,0,0,1.113266369046697
2,15,1,0,1,0,2,0.375,1,0,0,0,0,0,0,0,0,1,0,2.213021760045328
12,68,7,1,1,2,12,-0.5,1,0,0,0,0,0,0,0,0,0,0,0.5392094168495699
1,8,0,0,0,1,1,0.0,0,0,0,0,0,0,0,0,0,0,0,0.0
1,7,0,0,0,1,1,0.0,3,0,0,0,0,0,0,0,0,0,0,0.0
27,217,10,4,2,1,23,-1.25,1,0,0,0,0,0,1,0,0,1,0,0.8824221865949453
6,31,2,2,0,0,6,-0.625,2,0,0,0,0,0,0,0,0,0,0,0.7760727094614643
4,21,2,1,0,0,4,0.0,4,0,0,0,0,0,0,0,0,0,0,2.737932822294667
1,7,0,0,0,1,1,0.0,8,0,0,0,0,0,0,0,0,0,0,0.0
2,11,0,1,0,0,2,0.0,4,0,0,0,0,0,0,0,0,0,0,2.3245935357024328
1,17,0,0,0,1,1,0.0,2,0,0,0,0,0,0,0,0,0,0,0.0
12,97,3,1,3,0,12,-0.125,3,0,1,1,0,0,0,0,0,0,0,0.5377833998052737
22,139,8,4,0,3,20,-0.75,0,0,0,0,0,0,0,0,0,0,0,0.4935480612228069
3,19,2,0,0,0,3,0.125,4,0,0,0,0,0,0,0,0,0,0,2.3245935357024328
7,41,1,1,1,3,7,0.0,6,0,0,0,0,0,0,0,0,0,0,1.2369626322741079
8,59,2,0,1,0,8,0.0,4,0,0,0,0,0,0,0,0,0,0,0.9987993757344957
3,19,1,1,0,1,3,0.0,5,0,0,0,0,0,0,0,0,0,0,1.1214381021807835
17,102,5,2,0,5,14,0.625,4,0,0,0,0,0,0,0,0,0,0,0.3288424960575693
12,72,4,3,1,0,12,0.5,4,0,0,0,0,0,0,0,0,1,0,0.4748711388701527
3,17,1,1,0,0,3,0.0,7,0,0,0,0,0,0,0,0,0,0,1.4513311160345925
7,39,5,1,0,0,7,0.0,8,0,0,0,0,0,0,0,0,0,0,3.364314306542351
12,63,5,3,0,0,11,0.125,3,0,0,0,0,0,0,0,0,0,0,0.7572151595987268
7,47,1,1,0,1,7,0.0,7,0,0,0,0,0,0,0,0,0,0,1.1278102172141122
11,50,8,3,0,0,8,0.0,2,0,0,0,0,0,0,0,0,0,0,1.8215709919503686
3,16,1,0,0,2,3,0.0,1,0,0,0,0,0,1,0,0,0,0,0.714380262952583
1,7,0,0,0,1,1,0.0,0,0,0,0,0,0,0,0,0,0,0,0.0
8,52,3,2,0,0,6,1.875,3,0,0,0,0,0,0,0,0,0,0,1.0165104599385908
13,78,6,2,1,2,12,-0.125,3,0,0,0,0,1,0,0,0,0,0,0.9759857039128041
5,33,1,2,0,1,5,0.0,8,0,0,0,1,0,0,0,0,0,0,2.053245942953408
7,35,4,0,0,2,7,0.375,3,0,0,0,0,0,0,0,0,0,0,0.38238020413236923
11,64,3,2,1,2,11,0.25,8,0,0,0,0,0,0,0,0,0,0,0.44699085694597507
1,8,0,0,0,1,1,0.0,9,0,0,0,0,0,0,0,0,0,0,0.0
12,71,5,2,0,2,12,0.125,2,0,0,0,0,0,0,0,0,0,0,0.7519268541883072
23,136,9,2,1,2,20,1.5,2,0,0,0,0,1,0,0,0,0,0,0.4951904104782077
6,43,2,0,0,4,6,-0.625,1,0,0,0,0,0,0,0,0,0,0,0.9263828881325284
6,33,2,1,1,0,6,-0.625,7,0,0,0,0,0,0,0,0,0,0,2.815008162208296
6,28,3,1,1,0,6,0.125,4,0,0,0,0,0,0,0,0,0,0,1.4684113734827138
11,63,5,1,2,1,10,-0.625,6,0,0,0,0,0,0,0,0,1,0,1.2277284348527886
3,22,2,0,0,0,3,-0.25,9,0,0,0,0,0,1,0,0,0,0,3.7108878968223236
4,17,1,1,0,1,4,0.0,8,0,0,0,0,0,0,0,0,0,0,3.017740716262378
12,68,6,3,1,2,12,0.0,2,0,0,0,0,0,0,0,0,1,0,1.3987240381326622
24,141,11,0,0,9,19,0.25,8,0,0,0,1,0,0,0,0,0,0,0.1137745969420317
5,27,4,1,0,0,5,0.0,0,0,0,0,0,0,0,0,0,0,0,0.0
3,12,2,1,0,0,3,0.0,0,0,0,0,0,0,0,0,0,0,0,0.0
3,21,2,0,0,1,3,0.0,4,0,0,0,0,0,0,0,0,0,0,0.0
7,36,4,1,0,2,7,0.125,8,0,0,0,0,0,0,0,0,0,0,1.2369626322741079
1,8,0,0,0,1,1,0.0,7,0,0,0,0,0,0,0,0,0,0,3.7108878968223236
13,81,6,1,0,0,12,-1.125,2,0,0,0,0,0,0,0,0,0,0,1.292828333510405
8,44,1,1,2,0,7,-1.125,2,0,1,0,0,1,0,0,0,0,0,0.8773414254819423
1,8,0,0,0,1,1,0.0,1,0,0,0,0,0,0,0,0,0,0,3.364314306542351
27,148,10,6,2,4,24,0.125,7,0,0,0,0,0,0,0,0,0,0,0.45929235108249644
12,78,5,2,0,0,12,-1.125,0,0,0,0,0,0,0,0,0,0,0,0.7290277418317075
4,18,3,0,0,0,4,0.125,6,0,0,0,0,0,0,0,0,0,0,3.1615817524882686
47,244,27,11,2,0,40,-1.5,8,0,0,0,1,0,0,0,0,1,0,0.28717143047054283
10,39,6,2,0,2,10,-0.625,2,0,0,0,0,0,0,0,0,0,0,1.6314463551424876
5,35,1,4,0,1,5,0.625,2,0,0,0,0,0,0,0,0,0,0,1.073792982557416
5,36,0,0,0,4,5,0.0,3,0,0,0,0,0,0,0,0,0,0,1.2369626322741079
14,61,7,0,1,2,14,-0.25,3,0,0,0,0,0,0,0,0,0,0,0.48804243261491614
8,42,3,2,1,0,6,0.25,6,0,0,0,0,0,0,0,0,0,0,2.737932822294667
11,63,5,2,0,1,11,-0.25,0,0,0,0,0,0,0,0,0,0,0,0.5192516423437673
3,17,1,1,0,1,3,0.0,2,0,0,0,0,0,0,0,0,0,0,0.5438154517141626
8,55,3,2,1,1,8,0.5,9,0,0,0,1,0,0,0,0,0,0,0.6714407811355277
14,69,7,5,0,0,13,-1.5,4,0,0,1,0,0,0,0,0,0,0,0.5957121191185901
10,47,4,3,0,0,9,0.0,0,0,0,0,0,0,0,0,1,0,0,1.3520893891380439
22,141,10,2,0,2,20,0.375,0,1,0,0,0,0,0,0,0,0,0,0.5123767685279069
1,8,0,0,0,1,1,0.0,7,0,0,0,0,0,0,0,0,0,0,3.7108878968223236
1,7,0,1,0,0,1,0.0,0,0,0,0,0,0,0,0,0,0,0,2.6711671259824055
8,46,4,3,0,1,8,0.0,2,0,0,0,0,0,0,0,0,0,0,0.0
3,16,1,1,0,0,3,0.0,9,0,0,0,0,0,0,0,0,0,0,1.8075566519371635
21,122,7,2,1,6,19,-0.5,4,0,0,0,1,0,0,0,0,1,0,0.4924200711728872
47,270,22,5,3,8,45,0.375,1,2,0,1,1,1,0,0,0,0,0,0.1739838680199146
10,49,4,1,1,3,10,0.0,8,0,0,0,0,0,0,0,0,0,0,0.41786953991726017
22,154,11,6,0,0,20,0.625,2,0,0,0,0,0,0,0,0,0,0,0.45140677138490654
30,177,14,7,0,2,28,0.125,0,0,0,2,1,1,0,0,0,1,0,0.290891053880543
13,75,5,1,0,2,13,0.375,8,0,0,0,0,0,0,0,0,0,0,0.5806853763816797
8,65,2,1,0,0,8,0.625,1,0,0,0,0,0,0,0,0,0,0,1.4284469501275567
7,42,3,1,0,0,7,-0.125,3,0,0,0,0,0,0,0,0,0,0,2.0818396278115823
6,25,1,1,0,1,6,-0.25,8,0,0,0,0,0,0,0,0,0,0,1.754343912292164
1,11,0,0,0,0,1,0.25,0,0,0,0,0,0,0,0,0,0,0,0.0
5,33,0,1,0,2,5,0.125,2,0,0,0,0,0,0,0,0,0,0,1.0538605841627562
17,99,10,2,0,1,17,-0.25,2,2,0,0,0,0,0,0,0,0,0,0.5602170060329943
6,28,4,0,0,0,5,-0.625,5,0,0,1,0,0,1,0,0,0,0,2.242876204361567
8,51,2,0,0,3,7,1.125,4,0,0,0,0,0,0,0,0,0,0,0.0
14,71,7,1,0,0,14,0.125,4,0,0,0,0,0,0,0,0,0,0,0.6789220175159729
3,25,0,0,0,0,1,0.75,0,0,0,0,0,0,0,0,0,0,0,0.0
4,26,1,0,1,1,4,-0.25,3,1,0,0,0,0,0,0,0,0,0,1.4284469501275567
12,59,7,1,0,2,12,-0.25,8,0,0,0,0,0,0,0,0,1,0,0.23245935357024328
4,18,3,1,0,0,4,0.125,0,0,0,0,0,0,0,0,0,0,0,0.0
8,35,4,1,1,0,8,-0.625,1,0,0,0,0,0,0,0,0,0,0,1.435697898210026
12,92,4,3,1,1,12,-0.375,9,0,0,0,1,0,0,0,0,0,0,0.9674053953896846
8,45,2,1,0,2,8,-0.25,5,1,0,0,0,0,0,0,0,1,0,0.7733693483979505
5,24,2,1,1,0,5,-0.875,5,0,0,1,0,0,0,0,1,1,0,0.6884605373663722
3,18,2,0,1,0,3,0.0,5,0,0,0,1,0,0,0,0,0,0,2.9061689406052733
31,166,14,5,1,2,30,0.125,3,0,0,0,3,0,0,0,0,1,0,0.33746768353209455
4,23,3,0,0,0,4,0.0,0,0,0,0,0,0,0,0,0,0,0,0.0
7,38,2,1,0,0,7,-0.875,7,0,0,0,0,0,0,0,0,0,0,1.210027048118175
2,11,0,0,0,2,2,0.0,8,0,0,0,0,0,0,0,0,0,0,0.0
16,83,4,4,0,3,14,-0.125,1,0,0,0,1,0,0,0,0,0,0,0.5852725543666258
21,137,10,5,0,1,21,-0.5,2,0,0,1,0,0,0,0,0,1,0,0.5128681563701722
57,306,25,8,2,9,44,0.875,0,1,2,0,1,1,1,0,0,0,0,0.19508082480273797
6,33,2,0,0,2,6,0.25,8,0,0,0,0,0,0,0,0,0,0,0.0
31,152,17,3,1,3,30,-0.5,6,0,1,1,0,0,0,0,0,2,0,0.38351714569477585
6,36,3,0,1,0,6,0.125,7,0,0,0,0,0,0,0,0,0,0,3.7108878968223236
1,19,0,0,0,0,1,0.0,2,0,0,0,0,0,0,0,0,0,0,0.0
6,39,3,1,1,0,6,0.375,6,0,0,1,0,0,0,0,0,0,0,2.127351674268243
6,39,5,0,0,0,6,0.0,3,0,0,0,0,0,0,0,0,0,0,3.1615817524882686
10,50,5,4,0,0,8,1.25,8,0,0,0,0,0,0,0,0,1,0,0.8204059146772787
27,137,13,2,1,5,22,-1.125,8,0,1,0,0,1,0,0,0,0,1,0.4726689932171043
5,28,2,2,0,0,5,0.625,6,0,0,0,0,0,0,0,0,0,0,1.7756494742104778
6,30,3,1,0,0,6,0.0,0,0,0,0,0,0,0,0,0,0,0,0.0
6,29,3,0,0,0,6,-0.25,8,0,0,0,0,0,0,0,0,0,0,0.774864511900811
14,84,6,2,3,0,10,0.125,8,0,0,0,0,0,0,0,1,0,0,1.4990551051598238
5,40,1,1,0,1,5,0.0,8,0,0,0,0,0,0,0,0,0,0,2.295328818209387
13,76,5,3,0,1,13,-1.25,3,0,0,0,1,2,0,0,0,0,0,0.5212373005186438
12,71,6,3,0,0,12,-0.125,3,0,1,0,0,0,0,0,0,0,0,0.7099014592488203
5,31,2,1,0,1,5,0.0,2,0,0,0,0,0,0,0,0,0,0,1.2369626322741079
14,90,5,3,2,2,14,1.125,1,0,0,1,0,0,0,0,0,1,0,0.6737151317787152
2,19,0,1,0,0,2,0.0,5,0,0,0,0,0,0,0,0,0,0,2.6122756081542136
2,12,0,0,0,2,2,0.625,4,0,0,0,0,0,0,0,0,0,0,0.0
6,31,5,1,1,0,6,0.375,9,0,0,1,0,0,0,0,0,0,0,3.1615817524882686
6,35,3,1,0,0,6,0.0,4,0,0,1,0,0,0,0,0,0,0,1.6935700600275123
5,28,3,0,1,0,5,-0.625,5,0,0,0,0,0,0,0,0,0,0,0.7072869938827836
7,34,5,1,0,0,7,0.5,1,0,0,0,0,0,0,0,0,0,0,2.0597741562502154
1,13,0,0,1,0,1,0.0,4,0,0,0,0,0,0,0,0,0,0,0.0
28,145,14,0,1,5,19,-0.5,9,0,0,2,3,0,0,0,0,0,0,0.4496125441116895
5,19,2,0,0,1,5,0.0,2,0,0,0,0,0,0,0,0,0,0,0.0
21,128,7,4,1,1,18,-0.125,8,0,0,0,1,0,0,0,0,0,0,0.33983014965504604
10,53,7,1,0,2,10,0.0,7,0,0,0,0,0,0,0,0,0,0,0.7197479717136972
11,54,8,2,1,0,11,0.125,0,0,1,0,1,0,0,0,0,0,0,1.4945495033873009
6,32,0,2,0,1,5,0.0,1,0,1,0,0,0,0,0,0,0,0,1.9468824899417427
8,55,5,0,0,0,8,0.0,0,0,0,0,0,0,0,0,0,0,0,1.6084324560665137
17,92,6,3,3,1,17,-0.625,2,0,0,0,0,0,0,0,0,1,0,0.3534822950423048
7,39,3,3,0,0,6,-0.25,6,0,0,0,0,0,0,0,0,0,0,2.101449984388223
6,33,4,1,0,0,6,-0.625,1,0,0,0,0,0,0,0,0,0,0,1.88136725429998
16,101,5,1,2,0,15,0.875,9,0,0,0,0,0,0,0,0,1,0,0.6535961197035234
3,14,1,0,0,0,3,0.0,0,0,0,0,0,0,0,0,0,0,0,0.0
11,61,5,5,0,0,9,-0.75,4,0,0,0,0,0,1,0,0,0,0,1.713200565970243
4,29,2,0,1,1,4,0.0,4,0,0,0,0,0,0,0,0,0,0,2.3245935357024328
8,48,3,1,2,0,8,-1.5,6,0,0,0,0,0,0,0,0,0,0,1.2724634353857573
11,67,3,1,1,1,11,0.625,5,0,0,0,0,0,0,0,0,1,0,0.801757426983828
3,14,1,0,0,0,3,-0.625,4,0,0,0,0,0,0,0,0,0,0,2.101449984388223
3,20,1,0,0,1,3,0.75,3,0,0,0,0,0,0,0,1,0,0,1.3878930852077216
6,30,4,0,1,0,6,0.125,1,0,0,0,0,0,0,0,0,0,0,2.034082376279006
2,12,1,0,0,0,2,0.0,5,0,0,0,0,0,0,0,0,0,0,2.6122756081542136
7,30,5,1,0,0,6,0.125,0,0,0,0,0,0,0,0,0,0,0,0.0
18,106,8,2,1,0,16,1.0,7,0,0,0,1,0,0,0,0,0,0,0.6248531097146615
8,53,3,2,0,0,8,0.125,8,0,0,0,0,0,0,0,0,0,0,0.9873182761446084
10,85,0,0,0,9,10,0.0,2,0,0,0,0,0,0,0,0,0,0,0.4046192420851476
4,36,1,0,0,2,4,0.0,0,0,0,0,0,0,0,0,0,0,0,0.41140576198805384
1,13,0,0,1,0,1,0.0,4,0,0,0,0,0,0,0,0,0,0,0.0
16,80,9,1,1,1,13,0.0,4,0,0,0,0,0,0,0,0,0,0,0.5957778934417564
16,89,7,2,1,1,15,0.5,0,0,0,0,0,1,0,0,0,1,0,0.8628359107615232
5,30,1,0,0,3,5,0.0,8,0,0,0,0,0,0,0,0,0,0,0.542728377036251
13,69,6,2,1,1,13,0.5,5,0,1,0,0,0,0,0,0,0,0,0.8932975602415287
7,36,1,2,0,4,7,0.0,6,0,0,0,0,0,0,0,0,0,0,1.1028428062379327
7,38,0,0,0,2,6,-0.25,0,0,0,0,0,0,0,0,0,0,0,1.1792003672274456
35,214,20,3,2,3,30,0.125,9,0,0,0,0,0,0,0,1,1,0,0.26959835701957774
8,44,2,0,1,2,8,-0.875,2,0,0,0,0,0,0,0,0,0,0,0.0
2,11,0,0,0,2,2,0.0,3,0,0,0,0,0,0,0,0,0,0,0.0
3,16,1,1,0,0,3,0.0,5,0,0,0,0,0,0,0,0,0,0,1.302558359205215
1,7,0,0,0,1,1,0.0,8,0,0,0,0,0,0,0,0,0,0,0.0
1,8,0,0,0,1,1,-0.125,2,0,0,0,0,0,0,0,0,0,0,0.0
1,13,0,0,0,1,1,0.0,4,0,0,0,0,0,0,0,0,0,0,0.0
3,13,1,1,0,0,3,-0.25,6,0,0,0,0,0,0,0,0,0,0,0.0
10,51,3,2,0,3,10,0.125,1,0,0,0,0,0,0,0,0,0,0,0.6877277378660314
3,25,1,0,0,0,3,0.0,0,0,0,0,0,0,0,0,0,0,0,1.6456230479522154
9,39,5,1,0,1,9,0.0,9,0,0,0,0,0,0,0,0,0,0,1.612177932041857
3,16,0,1,0,0,3,0.0,2,0,0,0,0,0,0,0,0,0,0,0.5438154517141626
7,34,4,1,0,0,7,0.0,1,0,0,0,0,0,0,0,0,1,0,1.309805877861838
8,51,5,2,0,0,8,-1.25,6,0,0,1,1,0,0,0,0,0,0,1.3784785232484633
1,10,0,1,0,0,1,0.125,5,0,0,0,0,0,0,0,0,0,0,3.364314306542351
5,23,2,0,1,0,5,1.125,3,0,0,0,0,0,0,0,0,0,0,3.7108878968223236
11,62,5,2,0,2,10,0.125,7,0,0,0,0,0,0,0,0,0,0,3.753344216277728
2,11,0,1,0,0,2,0.0,1,0,0,0,0,0,0,0,0,0,0,2.6122756081542136
1,10,0,0,0,0,1,0.25,0,0,0,0,0,0,0,0,0,0,0,0.0
7,34,4,2,0,0,7,0.0,0,0,0,0,0,0,0,0,0,0,0,1.665253553894946
7,37,4,0,1,1,7,0.0,6,0,0,0,0,0,0,0,0,0,0,1.9309091748779685
17,99,6,2,3,0,17,0.125,6,0,0,2,0,0,0,0,0,1,0,0.3823892376647485
4,29,0,2,0,0,4,0.0,7,0,0,0,0,0,0,0,0,0,0,1.409851654184706
14,59,6,3,0,0,12,0.0,2,0,0,0,0,0,0,0,0,0,0,0.9690744707599904
19,97,12,3,1,0,17,-0.625,2,0,0,0,0,0,0,0,0,0,0,1.0980530320837663
14,93,3,5,1,4,14,1.875,7,0,0,0,0,0,0,0,1,0,0,0.5114742519139419
5,25,2,1,1,0,5,-0.625,5,0,0,0,0,0,0,0,0,0,0,1.7499576942392683
6,29,4,2,0,1,6,0.0,3,0,0,0,0,0,0,0,0,0,0,1.3188428035562778
1,10,0,0,0,0,1,0.0,2,0,0,0,0,0,0,0,0,0,0,0.0
24,145,11,1,2,2,24,0.5,2,1,0,1,0,0,0,0,0,0,0,0.40296670974215615
13,71,5,3,1,0,13,0.25,2,0,0,1,0,1,0,0,0,0,0,0.6218980416476605
6,34,2,1,1,1,6,-0.625,5,0,0,0,0,0,0,0,0,0,0,1.7756494742104778
2,14,1,0,0,1,2,0.375,1,0,0,0,0,0,0,0,0,0,0,2.213021760045328
4,24,2,1,0,0,4,0.5,6,0,0,0,0,0,0,0,0,0,0,1.4524168962047916
3,15,1,1,0,0,3,0.0,5,0,0,0,0,0,0,0,0,0,0,1.8911740043038023
51,270,26,5,2,10,40,-0.5,5,1,0,0,0,1,0,0,1,0,0,0.24386525291934535
5,20,2,1,0,0,5,0.0,7,0,0,0,0,0,0,0,0,0,0,1.665253553894946
6,28,4,0,0,0,6,0.25,8,0,0,0,0,0,0,0,1,0,0,1.8153846447846445
4,28,3,1,0,0,4,0.0,2,0,0,0,0,0,0,0,0,0,0,0.9984128880816222
6,33,1,1,0,1,5,0.0,2,0,0,0,0,0,0,0,0,0,0,1.6314463551424876
4,16,3,0,0,0,4,0.0,0,0,0,0,0,0,0,0,0,0,0,0.0
6,28,3,1,0,0,6,0.125,7,0,0,0,0,0,0,0,0,1,0,1.828725096063567
5,39,1,2,0,0,5,0.0,2,0,0,0,0,0,0,0,0,0,0,1.1632790974972198
2,13,0,0,0,3,2,0.25,3,0,0,0,0,0,0,0,0,0,0,0.0
9,52,2,0,2,1,8,0.0,8,0,0,0,0,0,0,0,0,0,0,1.5463733258293115
3,17,0,0,1,0,3,0.0,6,0,0,0,0,0,0,0,0,0,0,2.2386684072391034
2,16,0,0,1,0,2,0.0,8,0,0,0,0,0,0,0,0,0,0,0.0
30,191,9,6,5,2,26,0.125,1,0,0,1,1,0,1,0,0,1,0,0.38572571942990275
21,107,9,3,1,1,21,-0.875,7,0,0,0,1,0,0,0,0,0,0,0.4815800335522684
14,79,3,4,0,1,14,0.25,2,0,0,0,0,0,0,0,0,0,0,0.6048967565907112
21,108,9,4,0,1,20,0.375,9,0,0,0,0,0,0,0,0,1,0,0.5577860743486267
6,32,2,2,0,0,6,0.0,7,0,0,0,0,0,0,0,0,0,0,2.1431407888577487
1,7,0,0,0,1,1,0.625,4,0,0,0,0,0,0,0,0,0,0,0.0
9,57,2,2,0,2,8,0.0,8,0,0,0,0,0,0,0,0,0,0,0.4205835523805861
13,55,7,3,0,3,11,0.375,4,0,0,0,0,1,0,0,0,0,0,0.3914368618006875
12,92,2,2,0,1,12,1.25,3,0,0,0,0,0,0,0,0,0,0,0.6178436561022671
17,81,4,5,0,0,14,1.0,2,0,0,0,0,0,0,0,0,0,0,1.8438818018629437
4,18,2,1,0,0,4,0.0,8,0,0,0,0,1,0,0,0,0,0,1.347576180476927
9,38,4,1,0,0,8,0.0,0,0,0,0,0,1,1,0,0,0,0,3.364314306542351
3,31,0,0,0,0,3,0.125,1,0,0,0,0,0,0,0,0,0,0,1.2369626322741079
10,62,2,2,1,0,10,-1.625,5,0,0,2,0,0,2,0,0,0,0,0.8773414254819423
2,11,1,0,0,0,2,0.0,0,0,0,0,0,0,0,0,0,0,0,0.0
11,60,4,2,0,0,11,2.625,3,0,0,0,1,0,0,0,1,0,0,0.44117033564075026
7,41,4,0,0,1,7,-0.625,4,0,0,1,0,0,0,0,0,0,0,0.7962737130495632
8,42,5,2,0,0,7,0.125,0,0,0,0,0,0,0,0,0,1,0,1.104371901126949
1,9,0,0,0,0,1,0.0,7,0,0,0,0,0,0,0,0,0,0,0.0
13,79,2,3,2,4,12,1.375,4,1,0,0,0,0,0,0,0,1,0,0.5032284855009491
9,46,5,1,0,2,9,0.25,7,0,0,0,0,0,0,0,0,0,0,1.2369626322741079
9,46,5,3,0,0,9,0.625,5,0,0,0,0,0,0,0,0,0,0,2.2942812247942155
1,9,0,0,1,0,1,0.0,8,0,0,0,0,0,0,0,0,0,0,0.0
13,68,4,4,0,1,13,0.0,2,0,0,0,0,0,0,0,1,0,0,0.7498162389267189
10,57,4,2,1,1,9,0.0,0,0,0,0,0,0,0,0,0,0,0,1.659715821406846
6,34,2,2,0,0,6,0.0,9,0,0,0,0,0,0,0,0,0,0,1.387077209601399
7,31,4,1,0,0,6,-1.25,1,0,0,0,0,0,2,0,0,0,0,2.3894441471539585
1,4,0,0,0,0,1,-0.25,0,0,0,0,0,0,0,0,0,0,0,0.0
5,30,1,0,0,2,5,-0.625,7,0,0,0,0,0,0,0,0,0,0,1.017041188139503
6,39,3,1,0,2,6,0.0,2,0,0,0,0,1,0,0,0,0,0,0.0
2,24,0,0,0,0,2,0.0,0,0,0,0,0,0,0,0,0,0,0,0.0
6,31,2,2,0,0,6,0.0,3,0,0,0,0,0,0,0,0,0,0,1.5976760358769189
15,72,5,1,0,0,10,0.125,5,0,0,0,0,0,0,0,0,0,0,1.876672108138864
6,31,2,2,0,0,6,-0.125,2,0,0,0,0,1,0,0,1,0,0,1.265441740084279
1,10,0,0,0,1,1,0.0,2,0,0,0,0,0,0,0,0,0,0,0.0
2,9,0,1,0,0,2,0.0,3,0,0,0,0,0,0,0,0,0,0,3.1615817524882686
18,134,7,3,1,3,18,0.875,8,0,0,1,0,0,0,0,0,0,0,0.3674545035258182
7,56,2,1,0,2,7,0.125,8,0,0,0,0,0,0,0,0,0,0,1.0538605841627562
4,26,0,0,0,2,4,-0.25,0,0,0,0,0,0,0,0,0,0,0,0.0
13,73,3,3,1,2,13,1.5,2,0,2,0,0,0,0,0,0,0,0,0.6242307510393829
8,37,0,0,0,5,5,0.75,7,0,0,0,0,0,0,0,0,0,0,4.947850529096431
10,58,3,0,2,1,7,-0.25,6,0,0,0,0,0,0,0,0,2,0,0.0
1,12,0,0,0,0,1,0.0,0,0,0,0,0,0,0,0,0,0,0,0.0
4,26,2,0,1,0,4,0.25,5,0,0,0,0,0,0,0,0,0,0,1.9070590342711897
8,43,5,2,0,0,8,-0.25,3,0,0,0,0,0,0,0,0,1,1,1.0298870781251077
2,14,1,0,0,1,2,0.0,3,0,0,0,0,0,0,0,0,0,0,0.0
6,27,1,1,0,2,6,0.0,0,0,0,0,0,0,0,0,0,0,0,0.0
6,33,3,1,1,0,6,0.375,0,0,0,0,0,0,0,0,0,0,0,1.0298870781251077
1,9,0,0,0,1,1,0.0,5,0,0,0,0,0,0,0,0,0,0,0.0
2,9,1,1,0,0,2,0.0,9,0,0,0,0,0,0,0,0,0,0,2.468434571928323
2,16,1,0,0,0,2,-0.125,4,0,0,0,1,0,0,0,0,0,0,3.7108878968223236
4,19,2,1,0,0,4,0.125,1,0,0,1,0,0,0,0,0,1,0,1.5976760358769189
17,93,9,1,2,2,17,0.75,7,0,0,0,0,0,0,0,0,1,0,1.219924059978584
4,27,2,1,0,1,4,0.0,7,0,0,0,0,0,0,0,0,0,0,2.3245935357024328
25,124,11,3,2,0,21,1.125,8,0,0,2,3,0,0,0,0,1,0,0.41702114734055695
3,19,1,0,0,0,3,0.0,0,0,0,0,0,0,0,0,0,1,0,1.6875087859990332
30,162,10,8,0,4,28,-0.875,8,0,0,1,0,0,0,0,0,0,0,0.35102493494920556
1,4,0,0,0,0,1,-0.25,0,0,0,0,0,0,0,0,0,0,0,0.0
6,29,2,1,0,0,6,0.375,2,0,0,0,0,0,0,0,0,0,0,1.1190627650629168
1,9,0,0,0,0,1,0.0,4,0,0,0,0,0,0,0,0,0,0,0.0
5,39,2,1,0,2,5,-0.25,4,0,0,0,0,0,0,0,0,0,0,1.145411608218432
31,179,14,4,3,0,26,0.875,4,0,1,1,0,0,0,0,0,0,0,0.5832132868924029
45,259,18,2,3,1,34,2.0,7,0,0,0,1,0,0,0,0,1,0,0.26180881244263193
7,47,2,2,0,1,7,-0.125,9,0,0,0,0,0,0,0,0,0,0,0.846389465061631
11,62,5,1,0,2,11,0.125,7,0,0,0,0,0,0,0,0,0,0,1.7611475780455397
4,22,0,0,0,3,4,0.0,7,0,0,0,0,0,0,0,0,0,0,1.6821571532711752
12,65,6,3,0,1,12,0.0,7,0,0,0,0,0,0,0,0,0,0,0.5769586436035987
8,28,4,0,2,0,5,0.625,6,1,0,0,0,0,0,0,1,0,0,1.7499576942392683
38,225,18,4,1,11,35,-0.75,2,0,0,0,0,1,0,0,0,0,0,0.22486613557443882
51,264,25,7,3,2,47,-1.5,1,0,0,0,0,0,0,0,0,4,0,0.2472895617067265
8,34,3,1,1,0,8,-0.25,2,0,0,0,1,0,0,0,0,0,0,1.1293806171644774
7,42,2,1,1,0,7,0.875,3,0,0,0,0,0,0,0,1,0,0,0.9350563258580409
1,13,0,0,0,1,1,0.0,6,0,0,0,0,0,0,0,0,0,0,0.0
26,134,12,4,0,0,25,-0.125,0,0,0,0,0,0,0,0,0,2,0,0.7074283528360803
1,8,0,0,0,1,1,-0.125,2,0,0,0,0,0,0,0,0,0,0,0.0
4,31,2,0,1,0,4,0.125,0,0,0,0,0,0,0,0,0,0,0,0.7462228024130345
14,59,3,0,0,1,13,-0.25,7,0,0,0,0,0,0,0,0,0,0,0.6641748501273936
6,51,0,1,0,5,6,0.0,1,0,0,0,0,0,0,0,0,0,0,0.5039694069587103
13,81,6,1,1,0,13,1.625,0,0,0,0,0,0,0,0,0,1,0,0.7315479590887115
8,35,6,2,0,0,8,-0.25,5,1,0,0,1,0,0,0,0,0,0,2.011827144174919
11,60,6,0,1,0,8,-0.75,0,0,0,0,0,0,0,0,0,3,0,1.2209814245973405
3,16,0,0,0,2,2,0.0,8,0,0,0,0,0,0,0,0,0,0,0.0
12,85,2,2,1,4,11,0.25,2,0,0,0,0,1,0,0,0,1,0,0.2979114428606244
9,36,4,2,0,0,7,0.625,0,0,0,0,0,0,0,0,0,0,0,2.9061689406052733
1,15,0,0,0,0,1,0.25,0,0,0,0,0,0,0,0,0,0,0,0.0
3,16,1,1,0,0,3,0.0,7,0,0,0,0,0,0,0,0,0,0,0.7004833281294077
2,19,0,1,0,0,2,0.0,8,0,0,0,0,0,0,0,0,0,0,2.3568627962712183
8,59,3,3,1,0,8,-0.125,8,0,0,0,0,1,0,0,0,0,0,1.201207134722132
6,39,3,0,0,2,6,0.125,8,0,0,0,0,0,0,0,0,0,0,1.0298870781251077
11,48,6,3,0,0,11,-0.5,8,0,0,0,0,0,0,0,0,0,0,1.8591120221958928
3,16,0,2,0,0,3,0.0,1,0,0,0,0,0,0,0,0,0,0,2.6122756081542136
12,65,5,1,1,1,12,0.0,7,0,0,0,0,0,0,0,0,0,0,1.011291782182257
8,40,4,1,2,0,8,-0.5,1,0,0,0,0,0,0,0,0,0,0,1.0538605841627562
7,34,3,1,0,0,7,0.0,4,0,0,0,0,0,0,0,0,0,0,1.713200565970243
1,15,0,0,0,1,1,0.0,9,0,0,0,0,0,0,0,0,0,0,0.0
1,8,0,0,0,1,1,0.625,1,0,0,0,0,0,0,0,0,0,0,2.0818396278115823
17,86,9,4,1,2,15,1.0,3,0,0,0,0,0,0,0,0,0,0,0.8672693890752571
4,26,2,1,0,0,4,0.0,3,0,0,0,0,0,0,0,0,0,0,1.924619120214161
12,72,5,0,2,0,11,-1.0,2,0,1,1,0,0,0,0,0,0,0,0.8834310878445376
3,21,1,1,0,0,3,0.0,7,0,0,0,0,0,0,0,0,0,0,1.9070590342711897
2,16,1,0,0,1,2,0.0,8,0,0,0,0,0,0,0,0,0,0,0.0
18,82,5,4,1,1,18,0.25,7,0,0,0,0,0,0,0,1,0,0,0.7371537304759256
2,9,1,0,0,0,2,0.0,0,0,0,0,0,0,0,0,0,0,0,0.0
1,20,0,0,0,1,1,0.0,2,0,0,0,0,0,0,0,0,0,0,0.0
2,9,0,1,0,0,2,0.0,2,0,0,0,0,0,0,0,0,0,0,1.6314463551424876
8,68,1,0,1,4,8,0.375,3,0,0,0,0,0,0,0,0,0,0,0.5575495524423764
9,65,4,2,0,1,9,0.25,8,0,0,1,0,0,0,0,0,0,0,0.9432064999635893
16,84,8,1,1,1,16,-0.125,1,0,0,0,2,0,0,0,0,0,0,0.7246266089621145
18,97,7,3,1,1,18,0.5,3,0,0,0,0,1,0,0,0,0,0,0.37763731769296377
19,96,11,5,0,3,17,0.125,6,0,0,0,0,0,0,0,0,0,0,0.9920092986765428
3,17,1,1,0,0,3,0.0,4,0,0,0,0,0,0,0,0,0,0,0.0
6,34,4,1,0,1,6,0.125,3,0,0,0,0,0,0,0,0,0,0,2.6122756081542136
3,24,0,0,0,2,3,0.0,5,0,0,0,0,0,0,0,0,0,0,0.8903890419941352
9,50,3,1,1,0,9,0.5,9,0,0,0,1,0,0,0,0,0,0,2.1077211683255124
1,8,0,0,0,1,1,0.0,5,0,0,0,0,0,0,0,0,0,0,0.0
37,191,21,5,2,0,32,-0.625,4,0,1,1,0,0,0,0,0,1,0,0.38186903899539315
15,92,5,1,0,3,14,-0.625,5,0,0,0,0,0,0,0,0,0,0,0.35967229697483505
7,45,1,1,0,0,7,0.0,4,0,0,0,1,0,0,0,0,0,0,1.6635618573283244
3,15,1,0,0,0,3,-0.625,5,0,0,0,0,0,0,0,0,0,0,2.121860981648351
7,34,4,1,0,0,7,0.125,3,1,0,0,0,0,0,0,0,0,0,2.6122756081542136
7,41,4,0,1,0,7,0.625,1,0,0,0,1,0,0,0,0,0,0,1.4139175011988252
6,33,3,2,0,0,6,0.0,2,0,0,0,0,1,0,0,0,0,0,1.062346522014078
2,10,0,1,0,0,2,0.0,2,0,0,0,0,0,0,0,0,0,0,1.6314463551424876
2,12,0,2,0,0,1,0.0,2,0,0,0,0,0,0,0,0,0,0,4.215442336651025
1,11,0,0,0,0,1,0.0,4,0,0,0,0,0,0,0,0,0,0,1.8187930798631928
2,11,0,1,0,0,2,0.0,4,0,0,0,0,0,0,0,0,0,0,0.0
42,229,18,6,4,3,39,-0.75,4,0,0,0,0,0,0,0,0,1,0,0.24626222978866316
3,12,2,0,0,0,3,0.125,0,0,0,0,0,0,0,0,0,0,0,0.0
1,6,0,0,0,0,1,0.0,0,0,0,0,0,0,0,0,0,0,0,0.0
27,135,18,7,0,1,22,0.875,2,0,0,1,0,0,0,0,0,0,0,0.6419112909720444
11,51,5,2,0,0,10,0.25,0,1,0,0,0,0,0,0,0,1,0,0.6843049399299126
1,17,0,0,0,0,1,0.0,7,0,0,0,0,0,0,0,0,0,0,3.7108878968223236
9,48,4,2,1,0,9,-0.125,3,0,0,1,0,0,0,0,0,0,0,1.026875333082611
39,210,16,5,2,0,38,1.125,0,0,0,0,0,0,0,0,0,1,0,0.34602980198602723
12,59,3,0,3,0,8,-2.375,6,0,0,0,0,0,0,0,0,0,0,3.358002610858655
24,153,10,4,2,0,23,-0.75,4,0,1,2,0,0,0,0,0,1,0,0.37574717915685746
11,56,6,1,1,0,10,-0.375,4,0,0,0,1,0,0,0,0,0,1,0.9024086701027976
1,18,0,0,0,1,1,0.625,4,0,0,0,0,0,0,0,0,0,0,0.0
3,14,2,0,0,0,3,-0.625,0,0,0,0,0,0,0,0,0,0,0,0.0
1,10,0,0,0,1,1,0.0,8,0,0,0,0,0,0,0,0,0,0,0.0
1,4,0,0,0,0,1,0.0,0,0,0,0,0,0,0,0,0,0,0,0.0
2,14,0,0,0,0,2,0.0,0,0,0,0,0,0,0,0,0,0,0,0.0
2,13,1,1,0,0,2,-0.625,1,0,0,1,0,0,0,0,0,0,0,2.737932822294667
1,5,0,0,0,0,1,0.25,0,0,0,0,0,0,0,0,0,0,0,0.0
1,12,0,0,0,2,1,0.0,4,0,0,0,0,0,0,0,0,0,0,0.0
1,9,0,0,0,1,1,0.0,9,0,0,0,0,0,0,0,0,0,0,3.7108878968223236
38,243,15,3,6,5,34,1.875,2,0,0,0,0,2,0,1,0,2,0,0.17110174717294482
8,34,4,1,0,0,7,0.125,9,0,0,0,0,0,0,0,0,0,0,1.1112250759800302
1,13,0,0,0,1,1,-0.125,2,0,0,0,0,0,0,0,0,0,0,0.0
9,49,4,2,0,0,9,0.25,1,0,0,0,1,0,0,0,0,0,0,0.9968383400768316
11,72,5,1,1,2,11,1.0,5,0,0,0,0,0,0,0,0,1,0,1.037138026207577
1,5,0,0,0,0,1,0.0,0,0,0,0,0,0,0,0,0,0,0,0.0
5,37,0,0,0,5,5,0.0,3,0,0,0,0,0,0,0,0,0,0,0.7190726733457998
23,128,14,5,1,0,21,0.625,5,0,0,1,0,0,0,0,0,1,0,0.7741231467082597
17,89,12,2,1,1,17,-0.375,5,0,0,0,0,0,0,0,0,0,0,1.08764934317177
6,38,3,2,0,0,6,0.125,6,0,0,0,0,1,0,0,0,0,0,1.3994213922718721
1,13,0,0,0,1,1,0.0,8,0,0,0,0,0,0,0,0,0,0,0.0
4,22,2,0,0,0,4,0.0,7,0,0,0,0,0,0,0,0,0,0,2.1653666701431655
1,19,0,0,1,0,1,0.0,2,0,0,0,0,0,0,0,0,0,0,0.0
12,67,3,3,0,1,12,-0.5,4,0,0,0,0,0,0,0,0,1,0,1.260488318005019
6,27,4,2,0,0,6,0.0,7,0,0,0,0,0,0,0,0,0,0,1.8075566519371635
1,8,0,0,0,1,1,-0.125,2,0,0,0,0,0,0,0,0,0,0,0.0
1,16,0,0,0,1,1,0.0,0,0,0,0,0,0,0,0,0,0,0,0.0
4,19,2,0,0,0,4,0.25,9,0,0,0,0,0,0,0,0,0,0,2.468434571928323
7,34,4,0,1,1,7,0.25,3,0,0,0,0,0,0,0,0,0,0,1.9185578461856816
25,138,10,2,1,4,23,-0.375,0,0,0,0,0,0,0,0,1,0,0,0.46058250945423324
9,52,2,1,0,1,9,-0.125,5,0,0,0,0,0,0,0,0,0,0,0.662769553665124
1,6,0,1,0,0,1,0.0,9,0,0,0,0,0,0,0,0,0,0,3.364314306542351
1,4,0,0,0,0,1,-0.25,0,0,0,0,0,0,0,0,0,0,0,0.0
6,36,2,0,1,3,6,0.0,8,0,0,0,0,0,0,0,0,0,0,0.7217888900477218
2,10,2,0,0,0,2,0.0,0,0,0,0,0,0,0,0,0,0,0,0.0
30,152,16,3,2,0,27,0.375,3,0,0,0,1,0,0,0,0,0,0,0.5063673778916694
15,68,8,4,0,0,14,0.0,9,0,0,1,0,0,0,0,0,0,1,1.08764934317177
12,46,2,5,0,0,7,0.0,9,0,0,0,1,0,0,0,0,0,0,4.485752408723134
3,16,1,1,0,0,3,0.0,2,0,0,0,0,0,0,0,0,0,0,1.7807780839882703
4,28,2,1,0,0,4,0.0,3,0,0,1,0,0,0,0,0,0,0,2.815008162208296
5,24,3,1,0,0,5,-0.125,5,0,0,0,0,1,0,0,0,0,0,3.017740716262378
14,68,7,3,1,0,14,-0.625,1,0,0,0,0,0,0,0,0,1,0,0.7055571697421944
1,25,0,0,0,1,1,0.0,0,0,0,0,0,0,0,0,0,0,0,0.0
1,8,0,0,0,1,1,-0.125,2,0,0,0,0,0,0,0,0,0,0,0.0
13,75,3,4,0,0,13,0.125,9,0,0,0,0,0,0,0,0,2,0,0.635053624466151
1,12,0,0,0,1,1,0.0,0,0,0,0,0,0,0,0,0,0,0,0.0
5,32,2,1,0,1,5,0.0,0,0,0,0,0,0,0,0,0,0,0,0.0
16,80,11,1,1,1,14,0.0,8,0,0,0,0,0,0,0,0,1,0,1.048063555902551
6,45,2,2,1,0,6,-0.25,0,0,0,0,0,0,0,0,0,0,0,1.2369626322741079
17,100,5,4,1,2,16,0.5,7,0,0,0,1,0,0,0,1,0,0,0.5045858795822762
1,7,0,1,0,0,1,0.0,2,0,0,0,0,0,0,0,0,0,0,3.1615817524882686
4,19,0,1,0,0,4,0.0,0,0,0,0,0,0,0,0,0,0,0,0.0
10,55,5,2,0,0,9,0.0,7,0,0,0,0,0,0,0,0,0,0,1.4408454784661642
4,30,0,1,2,0,4,-0.125,4,0,0,0,0,0,0,0,0,0,0,1.062577698610143
11,67,5,3,0,0,11,0.0,9,0,0,0,1,0,0,0,0,0,0,0.8275677507850921
12,68,5,2,1,1,11,0.625,2,0,0,1,1,0,0,0,1,1,0,0.5658922964545188
1,6,0,0,0,1,1,0.0,1,0,0,0,0,0,0,0,0,0,0,3.017740716262378
2,11,0,0,0,1,2,0.0,0,0,0,0,0,0,0,0,0,0,0,2.737932822294667
6,44,3,2,0,0,6,-0.125,3,0,0,0,1,0,0,0,0,0,0,2.127351674268243
6,26,3,1,0,0,6,0.0,8,0,0,0,0,0,0,0,0,0,0,1.8541018634701696
33,193,13,4,1,7,27,0.875,5,0,0,2,1,0,0,0,0,1,0,0.1912379778139151
19,105,13,4,0,0,19,-0.5,0,0,2,1,1,0,0,0,0,0,0,0.7278473897929015
8,52,3,1,2,1,8,-1.125,6,0,0,0,0,0,0,0,0,0,0,0.8149590320905125
1,11,0,1,0,0,1,0.0,0,0,0,0,0,0,0,0,0,0,0,2.391359232014694
3,16,2,0,0,0,3,0.0,0,0,0,0,0,0,0,0,0,0,0,0.0
6,22,4,1,0,0,6,0.375,5,1,0,0,0,0,0,0,0,0,0,2.6711671259824055
5,31,1,0,0,2,4,-0.625,7,0,0,0,0,0,0,0,0,0,0,1.8090945901208364
5,38,1,1,0,0,5,-0.125,7,0,0,0,0,1,0,0,0,0,0,3.1615817524882686
8,45,4,2,2,0,7,0.25,6,0,0,0,0,0,0,0,0,0,0,3.650577096392889
2,11,1,1,0,0,2,0.0,7,0,0,0,0,0,0,0,0,0,0,2.391359232014694
3,15,2,0,0,0,3,0.0,0,0,0,0,0,0,0,0,0,0,0,0.0
23,110,13,2,0,2,19,-0.875,1,0,0,0,0,0,0,0,0,0,0,0.4174262585576707
18,88,10,3,2,1,17,0.625,4,0,0,0,1,0,0,0,0,1,0,0.7692948427842355
9,50,4,2,0,2,9,0.0,4,0,0,0,1,0,0,0,0,0,0,1.2369626322741079
36,225,17,3,1,7,28,-0.25,0,0,0,0,0,1,0,0,0,0,0,0.22985831833330808
19,102,4,2,3,1,17,-0.5,5,0,0,0,0,0,1,0,0,0,0,0.5302124883364656
3,24,1,1,0,0,3,-0.125,7,0,0,1,0,0,0,0,0,0,0,1.6875087859990332
3,17,1,0,0,0,3,-0.25,1,0,0,0,1,0,0,0,0,0,0,2.0818396278115823
17,91,8,3,1,0,17,1.125,1,1,0,0,1,0,0,0,1,0,0,0.8748220944794127
24,125,12,6,1,1,23,0.25,9,1,0,0,1,0,0,0,0,1,0,0.40416351198043965
7,33,2,2,0,1,7,0.375,0,0,0,0,0,0,0,0,0,0,0,0.0
1,5,0,0,0,0,1,0.0,0,0,0,0,0,0,0,0,0,0,0,0.0
3,17,1,0,1,0,3,-0.5,3,0,0,0,0,1,0,0,0,0,0,3.7108878968223236
1,7,0,0,0,1,1,0.0,8,0,0,0,0,0,0,0,0,0,0,0.0
2,11,1,0,0,0,2,0.0,2,0,0,0,0,0,0,0,0,0,0,2.815008162208296
11,56,6,2,0,2,11,-0.5,3,0,0,1,0,0,0,0,0,0,0,0.4563261942941536
12,84,5,1,3,0,11,1.875,3,0,1,0,1,1,0,0,0,0,0,0.9384502486471341
4,17,1,1,0,0,4,0.375,3,0,0,0,0,0,0,0,0,0,0,1.7257419400462626
49,261,23,6,1,9,37,1.25,2,0,0,2,0,1,0,1,0,0,0,0.2332378468410224
2,22,0,0,0,2,2,0.0,8,0,0,0,0,0,0,0,0,0,0,1.0538605841627562
10,51,7,3,0,0,10,0.625,8,0,0,0,0,0,0,0,0,0,0,1.3170602553701531
8,46,5,2,0,0,8,0.0,1,1,0,0,0,0,0,0,0,0,0,1.4378910072364737
7,41,2,2,0,1,7,0.0,4,0,0,0,0,0,0,0,0,0,0,0.6814553741548031
7,40,4,2,0,0,6,0.125,1,0,0,0,0,0,0,0,0,0,0,2.6122756081542136
21,97,11,4,2,2,19,-0.75,2,0,0,0,0,0,0,0,0,0,0,0.5719793969011121
2,11,0,0,0,0,2,0.0,9,0,0,0,0,0,0,0,0,0,0,0.0
13,80,4,3,0,0,13,0.125,8,0,0,0,0,0,0,0,0,0,0,0.5618853852087698
5,22,3,1,0,0,5,0.0,7,0,0,0,0,0,0,0,0,0,0,2.2657020178742413
19,115,8,2,2,3,19,0.375,5,0,0,0,3,0,0,0,0,0,0,0.43530220125394
4,19,1,2,0,0,4,0.125,9,0,0,0,0,0,0,0,0,0,0,3.1615817524882686
6,28,3,0,1,0,6,0.625,4,0,0,0,1,0,0,0,1,0,0,1.6845588564824663
22,125,10,2,2,3,21,0.25,7,0,0,0,0,1,0,0,1,1,0,0.3592437482852103
1,5,0,1,0,0,1,0.0,0,0,0,0,0,0,0,0,0,0,0,0.0
9,47,3,3,0,0,9,-0.625,2,0,0,0,0,0,0,0,0,1,0,0.8206900780030542
3,17,0,1,0,0,3,0.0,7,0,0,0,0,0,0,0,0,0,0,2.0102892059912456
1,4,0,0,0,0,1,-0.25,0,0,0,0,0,0,0,0,0,0,0,0.0
16,70,10,3,1,0,10,-0.25,1,0,0,0,0,0,0,0,0,0,0,1.1280153794002097
4,22,0,1,1,0,4,0.5,9,0,0,0,0,0,0,0,0,1,0,1.768240847115339
4,33,0,2,0,0,2,0.0,9,0,0,0,0,0,0,0,0,0,0,2.0732429545622173
1,9,0,0,0,1,1,0.0,3,0,0,0,0,0,0,0,0,0,0,0.0
10,48,3,3,0,0,10,0.0,6,0,0,0,0,0,0,0,0,0,0,1.8633316568599412
2,18,0,0,0,2,2,0.0,8,0,0,0,0,0,0,0,0,0,0,0.0
7,31,4,2,0,0,7,0.0,2,0,0,0,0,0,0,0,0,0,0,2.1431407888577487
3,22,0,0,0,3,3,0.5,4,0,0,0,0,0,0,0,0,0,0,1.4696142689106633
19,114,6,4,1,0,19,-1.125,3,0,0,0,0,0,0,0,0,0,0,0.5543723034187886
15,82,6,3,1,2,15,-1.625,0,0,0,3,0,1,1,0,0,0,0,0.6109940829486532
2,12,0,1,1,0,2,0.0,4,0,0,0,0,0,0,0,0,0,0,2.4739252645482157
11,62,6,2,0,1,10,-0.125,5,0,2,0,0,0,0,0,0,0,0,0.865784370262476
6,38,3,1,0,0,6,0.0,9,0,0,0,0,0,0,0,0,0,0,1.5668556461279166
11,63,3,2,0,0,10,-0.625,5,0,1,2,0,0,0,0,0,1,0,1.147607930537938
4,16,2,1,0,0,4,-0.625,8,0,0,0,0,0,0,0,0,0,0,1.8541018634701696
11,56,6,2,0,1,10,0.0,9,0,0,0,0,0,0,0,1,0,0,0.9052624420084747
18,105,7,4,0,2,17,0.125,9,0,0,3,0,0,0,0,0,1,0,0.42502651185523793
3,13,2,0,0,0,3,0.0,0,0,0,0,0,0,0,0,0,0,0,0.0
33,173,15,3,3,0,31,1.375,0,0,0,0,0,0,0,0,1,0,0,0.5124960589114095
9,48,4,2,0,1,9,0.875,8,0,0,0,0,0,0,0,0,0,0,0.5587265042484207
2,8,1,0,0,1,2,0.0,3,0,0,0,0,0,0,0,0,0,0,2.6122756081542136
1,5,0,0,0,0,1,0.0,0,0,0,0,0,0,0,0,0,0,0,0.0
5,42,0,1,0,2,5,0.0,5,0,0,0,0,0,0,0,0,0,0,0.8488530175119703
5,38,3,0,0,1,4,0.0,8,0,0,0,0,0,0,0,0,0,0,0.774864511900811
3,16,1,0,0,0,3,0.0,0,0,0,0,0,0,0,0,0,0,0,0.0
4,29,2,1,0,0,4,0.125,7,0,0,0,0,0,0,0,0,0,0,2.1653666701431655
2,11,0,1,0,1,2,0.0,8,0,0,0,0,0,0,0,0,0,0,0.0
6,43,1,2,0,0,4,0.0,9,0,0,0,0,0,0,0,0,0,0,1.3821619697081449
1,6,0,0,0,1,1,0.0,1,0,0,0,0,0,0,0,0,0,0,3.017740716262378
20,135,5,2,0,4,18,0.0,4,0,0,0,0,1,0,0,0,1,0,0.6397857626616172
2,18,1,0,0,0,2,0.375,3,0,0,0,0,0,0,0,0,0,0,1.7257419400462626
1,11,0,0,0,0,1,-0.25,0,0,0,0,0,0,0,0,0,0,0,0.0
1,6,0,1,0,0,1,0.0,5,0,0,0,0,0,0,0,0,0,0,2.2942812247942155
23,143,9,2,2,6,22,-0.625,5,0,0,0,0,0,0,0,0,2,0,0.286526266122357
1,7,0,0,0,1,1,0.625,4,0,0,0,0,0,0,0,0,0,0,0.0
1,14,0,0,0,0,1,0.0,6,0,0,0,0,0,0,0,0,0,0,1.0538605841627562
8,33,6,2,1,0,7,0.0,2,0,0,0,0,0,0,0,0,0,0,1.7756494742104778
2,16,1,0,0,0,2,0.375,1,0,0,0,0,0,0,0,0,1,0,2.213021760045328
4,23,2,1,0,0,4,0.0,5,0,0,0,0,0,0,0,0,0,0,2.3245935357024328
3,17,1,1,0,0,3,-0.625,4,0,0,0,0,0,0,0,0,0,0,1.465243736394146
5,20,4,1,0,0,4,0.0,0,0,0,0,0,0,0,0,0,0,0,0.0
4,26,1,1,0,0,4,0.0,4,0,0,0,0,1,0,0,0,0,0,2.074276052415154
12,63,7,3,0,1,11,0.125,3,0,0,0,0,0,0,0,0,0,0,0.8488530175119703
3,20,0,1,0,0,3,0.0,7,0,0,0,0,0,0,0,0,0,0,2.2657020178742413
8,42,3,1,1,2,8,0.0,8,0,0,0,0,0,0,0,0,1,0,0.8032954083510415
5,26,2,0,0,0,5,0.625,3,0,0,0,0,0,0,0,0,0,0,2.815008162208296
7,40,3,1,1,1,7,-0.375,1,0,0,1,0,0,0,0,0,0,0,1.2849059564007157
7,37,4,2,0,0,6,0.375,1,0,0,0,0,0,0,0,0,0,0,3.364314306542351
8,66,3,0,2,1,8,-0.625,8,0,0,3,1,0,0,0,0,0,0,0.9067398841596863
2,11,0,0,0,2,2,0.0,8,0,0,0,0,0,0,0,0,0,0,0.0
10,50,4,2,0,0,10,0.125,3,0,0,0,1,0,1,0,0,0,0,0.7903841233061216
